"","fixed.acidity","volatile.acidity","citric.acid","residual.sugar","chlorides","free.sulfur.dioxide","total.sulfur.dioxide","density","pH","sulphates","alcohol","quality"
"2134",8.3,0.24,0.27,2.1,0.03,22,162,0.9914,2.99,0.68,11.9,6
"2934",6.9,0.22,0.31,6.3,0.029,41,131,0.99326,3.08,0.49,10.8,6
"4582",6,0.27,0.26,1.3,0.038,32,138,0.99125,3.46,0.43,11.1,6
"2431",6.4,0.28,0.17,8.3,0.042,61,195,0.99577,3.22,0.46,9.4,5
"4690",6.7,0.16,0.32,12.5,0.035,18,156,0.99666,2.88,0.36,9,6
"678",5.8,0.32,0.38,4.75,0.033,23,94,0.991,3.42,0.42,11.8,7
"3668",5.8,0.32,0.28,4.3,0.032,46,115,0.98946,3.16,0.57,13,8
"2851",6.7,0.24,0.29,14.9,0.053,55,136,0.99839,3.03,0.52,9,5
"203",6.9,0.54,0.32,13.2,0.05,53,236,0.9973,3.2,0.5,9.6,5
"280",7,0.3,0.49,4.7,0.036,17,105,0.9916,3.26,0.68,12.4,7
"1525",6.6,0.21,0.49,18.15,0.042,41,158,0.9997,3.28,0.39,8.7,6
"4322",6.3,0.28,0.22,11.5,0.036,27,150,0.99445,3,0.33,10.6,6
"2203",7.1,0.26,0.19,8.2,0.051,53,187,0.996,3.16,0.52,9.7,5
"4225",5.4,0.22,0.35,6.5,0.029,26,87,0.99092,3.29,0.44,12.5,7
"2069",5.7,0.32,0.18,1.4,0.029,26,104,0.9906,3.44,0.37,11,6
"4785",6.4,0.31,0.31,12.9,0.045,55,161,0.99546,3.02,0.59,10.2,5
"211",5.6,0.245,0.25,9.7,0.032,12,68,0.994,3.31,0.34,10.5,5
"1422",6.2,0.18,0.49,4.5,0.047,17,90,0.9919,3.27,0.37,11.6,6
"609",6.1,0.28,0.25,17.75,0.044,48,161,0.9993,3.34,0.48,9.5,5
"4852",6.4,0.33,0.44,8.9,0.055,52,164,0.99488,3.1,0.48,9.6,5
"2102",6.8,0.28,0.35,2.3,0.042,16,85,0.9906,3.19,0.56,12.4,6
"3917",7.1,0.37,0.3,6.2,0.04,49,139,0.99021,3.17,0.27,13.6,6
"1935",6.8,0.28,0.36,1.6,0.04,25,87,0.9924,3.23,0.66,10.3,6
"2955",6.4,0.29,0.3,2.9,0.036,25,79,0.99037,3.29,0.6,12.4,7
"1049",8.3,0.4,0.38,1.1,0.038,15,75,0.9934,3.03,0.43,9.2,5
"4262",6,0.31,0.27,2.3,0.042,19,120,0.98952,3.32,0.41,12.7,7
"2035",7.9,0.35,0.36,1.6,0.038,11,124,0.9928,3.25,0.48,11,5
"1078",7.8,0.26,0.44,1.3,0.037,43,132,0.9944,3.18,0.65,10,5
"4271",6.6,0.21,0.3,9.9,0.041,64,174,0.995,3.07,0.5,10.1,6
"2083",7.5,0.33,0.32,11.1,0.036,25,119,0.9962,3.15,0.34,10.5,6
"394",7.3,0.24,0.43,2,0.021,20,69,0.99,3.08,0.56,12.2,6
"370",7.1,0.39,0.35,12.5,0.044,26,72,0.9941,3.17,0.29,11.6,5
"2164",8.5,0.25,0.27,4.7,0.031,31,92,0.9922,3.01,0.33,12,6
"2321",8,0.2,0.3,8.1,0.037,42,130,0.99379,3.1,0.67,11.8,6
"3061",6.2,0.25,0.54,7,0.046,58,176,0.99454,3.19,0.7,10.4,5
"1622",8.9,0.32,0.49,1.6,0.05,17,131,0.9956,3.13,0.34,9.4,5
"2300",7,0.32,0.31,6.4,0.031,38,115,0.99235,3.38,0.58,12.2,7
"1333",7.9,0.16,0.64,17,0.05,69,210,1.0004,3.15,0.51,9.3,7
"306",7.3,0.41,0.24,6.8,0.057,41,163,0.9949,3.2,0.41,9.9,6
"2989",7.2,0.19,0.31,6.3,0.034,17,103,0.99305,3.15,0.52,11.4,7
"959",6.6,0.2,0.32,1.1,0.039,25,78,0.9926,3.39,0.54,10.2,7
"909",8,0.23,0.37,9.6,0.054,23,159,0.99795,3.32,0.47,9.8,4
"3869",6,0.22,0.25,11.1,0.056,112,177,0.9961,3.08,0.36,9.4,6
"1545",8.9,0.13,0.49,1,0.028,6,24,0.9926,2.91,0.32,9.9,5
"2682",7.2,0.19,0.27,11.2,0.061,46,149,0.99772,2.99,0.59,9.3,6
"1784",8.7,0.45,0.4,1.5,0.067,17,100,0.9957,3.27,0.57,10.1,6
"4473",7,0.28,0.28,1.4,0.039,12,83,0.99173,3.18,0.65,11.1,5
"4442",6.6,0.27,0.25,1.2,0.033,36,111,0.98918,3.16,0.37,12.4,6
"30",7.2,0.32,0.36,2,0.033,37,114,0.9906,3.1,0.71,12.3,7
"2572",7,0.16,0.32,1.1,0.032,29,80,0.98972,3.23,0.36,12.1,6
"1169",7.2,0.2,0.38,1,0.037,21,74,0.9918,3.21,0.37,11,5
"3760",7.8,0.19,0.32,7.4,0.015,47,124,0.99278,2.99,0.39,11,6
"4183",7.5,0.38,0.56,9.7,0.055,15,170,0.99605,3.13,0.65,9.9,6
"3271",6.4,0.15,0.29,1.8,0.044,21,115,0.99166,3.1,0.38,10.2,5
"4694",6.7,0.16,0.32,12.5,0.035,18,156,0.99666,2.88,0.36,9,6
"1382",5.7,0.43,0.3,5.7,0.039,24,98,0.992,3.54,0.61,12.3,7
"833",7.3,0.3,0.34,2.7,0.044,34,108,0.99105,3.36,0.53,12.8,8
"3223",6.6,0.16,0.34,1.1,0.037,41,115,0.9899,3.01,0.68,12,6
"2059",7.3,0.29,0.37,8.3,0.044,45,227,0.9966,3.12,0.47,9,5
"1173",7.6,0.21,0.44,1.9,0.036,10,119,0.9913,3.01,0.7,12.8,6
"2409",7.5,0.705,0.1,13,0.044,44,214,0.99741,3.1,0.5,9.1,5
"4748",5.6,0.26,0.5,11.4,0.029,25,93,0.99428,3.23,0.49,10.5,6
"4162",7.4,0.16,0.3,13.7,0.056,33,168,0.99825,2.9,0.44,8.7,7
"2330",7.6,0.3,0.4,2.2,0.054,29,175,0.99445,3.19,0.53,9.8,5
"2184",6.3,0.3,0.24,6.6,0.04,38,141,0.995,3.22,0.47,9.5,5
"479",7.1,0.55,0.13,1.7,0.073,21,165,0.994,2.97,0.58,9.2,6
"3838",8,0.27,0.33,1.2,0.05,41,103,0.99002,3,0.45,12.4,6
"3615",6.4,0.38,0.24,7.2,0.047,41,151,0.99604,3.11,0.6,9.2,5
"1831",7.7,0.44,0.24,11.2,0.031,41,167,0.9948,3.12,0.43,11.3,7
"2222",8.5,0.28,0.34,13.8,0.041,32,161,0.9981,3.13,0.4,9.9,6
"3505",6.5,0.16,0.34,1.4,0.029,29,133,0.99108,3.33,0.64,11.5,7
"4005",6.5,0.38,0.26,5.2,0.042,33,112,0.99067,3.06,0.5,12.3,7
"64",6.6,0.38,0.15,4.6,0.044,25,78,0.9931,3.11,0.38,10.2,6
"2488",7.9,0.27,0.27,1.7,0.034,25,122,0.99088,2.97,0.51,11.9,6
"3238",6.4,0.23,0.35,4.6,0.039,43,147,0.99216,3.18,0.4,11,7
"481",6.7,0.47,0.34,8.9,0.043,31,172,0.9964,3.22,0.6,9.2,5
"3302",5.6,0.12,0.33,2.9,0.044,21,73,0.98896,3.17,0.32,12.9,8
"3799",7.9,0.21,0.39,2,0.057,21,138,0.99176,3.05,0.52,10.9,5
"3175",6.9,0.36,0.35,8.6,0.038,37,125,0.9916,3,0.32,12.4,8
"3880",6.8,0.73,0.2,6.6,0.054,25,65,0.99324,3.12,0.28,11.1,4
"366",6,0.26,0.32,3.5,0.028,29,113,0.9912,3.4,0.71,12.3,7
"446",7.1,0.32,0.32,11,0.038,16,66,0.9937,3.24,0.4,11.5,3
"3767",6.9,0.4,0.17,12.9,0.033,59,186,0.99754,3.08,0.49,9.4,5
"4242",6.4,0.27,0.29,3.9,0.034,62,140,0.99237,3.1,0.59,11.1,6
"4090",6.8,0.27,0.24,4.6,0.098,36,127,0.99412,3.15,0.49,9.6,6
"3452",6.6,0.21,0.29,5.35,0.029,43,106,0.99112,2.93,0.43,11.5,7
"620",7.4,0.19,0.3,1.4,0.057,33,135,0.993,3.12,0.5,9.6,6
"528",6.1,0.28,0.22,1.8,0.034,32,116,0.9898,3.36,0.44,12.6,6
"3480",5.9,0.32,0.28,4.7,0.039,34,94,0.98964,3.22,0.57,13.1,7
"3202",7.9,0.34,0.44,6.5,0.027,47,126,0.99124,2.96,0.37,12.5,6
"3549",6.2,0.47,0.19,8.3,0.029,24,142,0.992,3.22,0.45,12.3,6
"1975",7.5,0.26,0.26,18.35,0.084,33,139,1.0011,3.17,0.39,8.8,5
"4104",5.7,0.31,0.28,4.1,0.03,22,86,0.99062,3.31,0.38,11.7,7
"3916",4.7,0.455,0.18,1.9,0.036,33,106,0.98746,3.21,0.83,14,7
"314",5.7,0.36,0.21,6.7,0.038,51,166,0.9941,3.29,0.63,10,6
"1747",7.5,0.22,0.29,4.8,0.05,33,87,0.994,3.14,0.42,9.9,5
"210",6.1,0.4,0.31,0.9,0.048,23,170,0.993,3.22,0.77,9.5,6
"2546",7.2,0.22,0.24,1.4,0.041,17,159,0.99196,3.25,0.53,11.2,6
"387",5,0.17,0.56,1.5,0.026,24,115,0.9906,3.48,0.39,10.8,7
"1880",7.2,0.2,0.61,16.2,0.043,14,103,0.9987,3.06,0.36,9.2,6
"2719",5.2,0.28,0.29,1.1,0.028,18,69,0.99168,3.24,0.54,10,6
"3710",6.7,0.31,0.09,1.4,0.039,53,141,0.99206,3.12,0.44,10.1,5
"2533",6.7,0.54,0.27,7.1,0.049,8,178,0.99502,3.16,0.38,9.4,4
"4771",6.8,0.27,0.3,13,0.047,69,160,0.99705,3.16,0.5,9.6,6
"2075",6.6,0.22,0.28,4.9,0.042,51,180,0.9952,3.3,0.75,9.5,6
"757",5.8,0.25,0.28,11.1,0.056,45,175,0.99755,3.42,0.43,9.5,5
"637",6.2,0.17,0.28,4.7,0.037,39,133,0.9931,3.41,0.46,10.8,7
"2148",6.4,0.29,0.2,15.6,0.04,20,142,0.9962,3.1,0.54,10.6,5
"1968",8,0.23,0.35,9.2,0.044,53,186,0.997,3.09,0.56,9.5,7
"4015",6.5,0.18,0.48,18,0.054,56,183,1.00038,2.98,0.61,8.5,6
"523",6.9,0.25,0.4,1.3,0.038,22,101,0.9901,3.03,0.39,11.4,6
"2149",7.1,0.33,0.64,13.2,0.056,12,105,0.9972,3.05,0.39,9.2,5
"256",6.7,0.26,0.39,1.1,0.04,45,147,0.9935,3.32,0.58,9.6,8
"4482",6.4,0.32,0.26,7.9,0.05,53,180,0.99514,3.14,0.5,9.6,5
"3144",5.5,0.19,0.27,0.9,0.04,52,103,0.99026,3.5,0.39,11.2,5
"3121",6.2,0.25,0.42,8,0.049,53,206,0.99586,3.16,0.47,9.1,6
"4292",7.2,0.21,0.36,15.7,0.045,68,183,0.99922,3.25,0.76,9.4,5
"1613",7.8,0.26,0.49,3.2,0.027,28,87,0.9919,3.03,0.32,11.3,7
"3840",6.2,0.31,0.23,3.3,0.052,34,113,0.99429,3.16,0.48,8.4,5
"3004",7.2,0.19,0.31,6.3,0.034,17,103,0.99305,3.15,0.52,11.4,7
"3067",7.4,0.21,0.8,12.3,0.038,77,183,0.99778,2.95,0.48,9,5
"4611",5.9,0.44,0.36,2.5,0.03,12,73,0.99201,3.22,0.48,10.8,6
"2379",9.4,0.23,0.56,16.45,0.063,52.5,282,1.00098,3.1,0.51,9.3,5
"468",6.8,0.32,0.21,2.2,0.044,15,68,0.9932,3.17,0.39,9.4,6
"2198",7.3,0.18,0.29,1,0.036,26,101,0.99,3.09,0.37,11.7,6
"1476",7.2,0.08,0.49,1.3,0.05,18,148,0.9945,3.46,0.44,10.2,6
"2249",7.4,0.2,0.29,1.7,0.047,16,100,0.99243,3.28,0.45,10.6,6
"108",7.1,0.23,0.35,16.5,0.04,60,171,0.999,3.16,0.59,9.1,6
"3445",6.7,0.3,0.44,18.75,0.057,65,224,0.99956,3.11,0.53,9.1,5
"407",5.8,0.28,0.34,4,0.031,40,99,0.9896,3.39,0.39,12.8,7
"3873",7.3,0.36,0.54,13.3,0.054,63,193,0.99864,3.06,0.49,8.6,4
"4861",6,0.52,0.33,7.7,0.046,24,119,0.99224,3.04,0.38,11,6
"1443",8,0.25,0.49,1.2,0.061,27,117,0.9938,3.08,0.34,9.4,5
"4551",6.8,0.23,0.33,1.9,0.047,20,101,0.9914,3.1,0.46,11.1,6
"4569",6.4,0.3,0.27,4.4,0.055,17,135,0.9925,3.23,0.44,12.2,6
"2524",8.2,0.2,0.38,3.5,0.053,41,174,0.99306,3.22,0.41,11.6,5
"2342",7.2,0.34,0.3,8.4,0.051,40,167,0.99756,3.48,0.62,9.7,5
"3186",6.5,0.21,0.4,7.3,0.041,49,115,0.99268,3.21,0.43,11,6
"2397",8.4,0.3,0.25,17.75,0.047,25,218,1.00016,2.98,0.66,9.1,5
"4193",6.7,0.2,0.24,6.5,0.044,28,100,0.99348,3.12,0.33,10.2,6
"4313",6.9,0.26,0.29,4.2,0.043,33,114,0.9902,3.16,0.31,12.5,6
"4622",7.5,0.305,0.38,1.4,0.047,30,95,0.99158,3.22,0.52,11.5,7
"2707",7.5,0.28,0.39,10.2,0.045,59,209,0.9972,3.16,0.63,9.6,6
"1325",6.9,0.16,0.35,1.3,0.043,21,182,0.9927,3.25,0.62,10.8,6
"4557",6.1,0.2,0.4,1.9,0.028,32,138,0.9914,3.26,0.72,11.7,5
"911",6.3,0.33,0.2,5.8,0.04,24,144,0.99425,3.15,0.63,9.9,5
"1378",6.9,0.28,0.41,1.7,0.05,10,136,0.993,3.16,0.71,11.4,6
"3118",6.5,0.23,0.39,1.9,0.036,41,98,0.99,3.19,0.43,11.9,7
"2499",6.8,0.21,0.36,18.1,0.046,32,133,1,3.27,0.48,8.8,5
"2050",6.3,0.28,0.24,8.45,0.031,32,172,0.9958,3.39,0.57,9.7,7
"3101",6.7,0.14,0.51,4.3,0.028,57,124,0.99176,2.91,0.54,10.7,7
"729",6.4,0.16,0.31,5.3,0.043,42,157,0.99455,3.35,0.47,10.5,5
"2946",4.9,0.33,0.31,1.2,0.016,39,150,0.98713,3.33,0.59,14,8
"830",7.1,0.16,0.36,1.2,0.043,21,90,0.9925,3.16,0.42,11,7
"2945",7.1,0.29,0.34,7.8,0.036,49,128,0.99397,3.21,0.4,10.7,6
"3048",7.7,0.18,0.53,1.2,0.041,42,167,0.9908,3.11,0.44,11.9,5
"3531",7.2,0.31,0.35,7.2,0.046,45,178,0.9955,3.14,0.53,9.7,5
"3976",6.1,0.24,0.26,1.7,0.033,61,134,0.9903,3.19,0.81,11.9,7
"304",6,0.29,0.21,1.3,0.055,42,168,0.9914,3.32,0.43,11.1,6
"2842",5.5,0.375,0.38,1.7,0.036,17,98,0.99142,3.29,0.39,10.5,6
"875",7.7,0.15,0.29,1.3,0.029,10,64,0.9932,3.35,0.39,10.1,5
"2349",8.3,0.26,0.31,2,0.029,14,141,0.99077,2.95,0.77,12.2,6
"2714",6.8,0.23,0.42,7.4,0.044,56,189,0.9958,3.22,0.48,9.3,6
"1836",8,0.55,0.42,12.6,0.211,37,213,0.9988,2.99,0.56,9.3,5
"4401",7.4,0.27,0.26,11.8,0.053,55,173,0.99699,3.11,0.6,9.8,5
"2694",6.7,0.23,0.25,1.6,0.036,28,143,0.99256,3.3,0.54,10.3,6
"1035",7.9,0.64,0.46,10.6,0.244,33,227,0.9983,2.87,0.74,9.1,3
"3662",6.7,0.22,0.39,1.2,0.049,26,152,0.99346,3.5,0.47,10,6
"2169",7.4,0.19,0.3,12.8,0.053,48.5,229,0.9986,3.14,0.49,9.1,7
"2689",7.2,0.19,0.27,11.2,0.061,46,149,0.99772,2.99,0.59,9.3,6
"1971",8.3,0.49,0.43,2.5,0.036,32,116,0.9944,3.23,0.47,10.7,6
"1799",6.8,0.23,0.29,15.4,0.073,56,173,0.9984,3.06,0.41,8.7,6
"1085",6.3,0.23,0.21,5.1,0.035,29,142,0.9942,3.36,0.33,10.1,7
"1247",8,0.2,0.4,5.2,0.055,41,167,0.9953,3.18,0.4,10.6,7
"2060",5.7,0.46,0.46,1.4,0.04,31,169,0.9932,3.13,0.47,8.8,5
"3932",6.2,0.3,0.28,1.6,0.036,28,106,0.988245,3.14,0.41,13.3,6
"602",7.2,0.24,0.4,1.4,0.045,31,106,0.9914,2.88,0.38,10.8,6
"2792",6.6,0.25,0.51,8,0.047,61,189,0.99604,3.22,0.49,9.2,5
"4508",5.1,0.305,0.13,1.75,0.036,17,73,0.99,3.4,0.51,12.3333333333333,5
"928",6.7,0.25,0.33,2.9,0.057,52,173,0.9934,3.02,0.48,9.5,7
"2385",6.9,0.15,0.28,4.4,0.029,14,107,0.99347,3.24,0.46,10.4,8
"2175",7.4,0.19,0.3,12.8,0.053,48.5,229,0.9986,3.14,0.49,9.1,7
"1338",6.7,0.18,0.3,6.4,0.048,40,251,0.9956,3.29,0.52,10,5
"3371",6,0.29,0.25,1.4,0.033,30,114,0.98794,3.08,0.43,13.2,6
"3324",7.1,0.17,0.31,1.6,0.037,15,103,0.991,3.14,0.5,12,6
"1342",7.6,0.54,0.23,2,0.029,13,151,0.9931,3.04,0.33,10.4,5
"2354",7,0.18,0.26,1.4,0.044,46,89,0.99256,3.39,0.48,10.7,7
"1179",9.8,0.44,0.4,2.8,0.036,35,167,0.9956,2.97,0.39,9.2,5
"3115",6.3,0.17,0.32,4.2,0.04,37,117,0.99182,3.24,0.43,11.3,6
"2520",6.3,0.24,0.55,8.1,0.04,67,216,0.99596,3.24,0.5,9.2,5
"2666",8.3,0.4,0.41,8.2,0.05,15,122,0.9979,3.39,0.49,9.3,5
"3492",8,0.2,0.44,1,0.057,24,111,0.99158,3.09,0.32,11.2,6
"4038",7.3,0.34,0.22,1.4,0.044,43,176,0.99286,3.14,0.46,9.9,5
"1339",6.7,0.18,0.3,6.4,0.048,40,251,0.9956,3.29,0.52,10,5
"1674",6.6,0.27,0.31,5.3,0.137,35,163,0.9951,3.2,0.38,9.3,5
"4614",5.8,0.27,0.2,7.3,0.04,42,145,0.99442,3.15,0.48,9.8,5
"3377",6.6,0.18,0.28,1.7,0.041,53,161,0.99207,3.13,0.45,10.2,6
"4351",7,0.36,0.25,5.7,0.015,14,73,0.98963,2.82,0.59,13.2,6
"3490",6.7,0.28,0.31,7.4,0.041,7,81,0.99254,3.04,0.47,11.4,8
"4612",5.9,0.42,0.36,2.4,0.034,19,77,0.99184,3.25,0.48,10.9,5
"2245",7,0.36,0.14,11.6,0.043,35,228,0.9977,3.13,0.51,8.9,5
"613",7.5,0.23,0.68,11,0.047,37,133,0.9978,2.99,0.38,8.8,5
"2306",7,0.36,0.3,5,0.04,40,143,0.99173,3.33,0.42,12.2,7
"841",7.6,0.33,0.35,6.3,0.036,12,126,0.9924,3.16,0.39,12,7
"2243",6.1,0.23,0.45,10.6,0.094,49,169,0.99699,3.05,0.54,8.8,5
"1561",7.8,0.3,0.74,1.8,0.033,33,156,0.991,3.29,0.52,12.8,6
"2283",7.4,0.33,0.26,15.6,0.049,67,210,0.99907,3.06,0.68,9.5,5
"4403",6.8,0.43,0.26,5.2,0.043,40,176,0.99116,3.17,0.41,12.3,6
"4809",7.3,0.35,0.67,8.3,0.053,10,100,0.9959,3.19,0.5,10.9,5
"2866",5.6,0.19,0.46,1.1,0.032,33,115,0.9909,3.36,0.5,10.4,6
"1870",8.2,0.18,0.28,8.5,0.035,41,140,0.9952,3.04,0.37,10.1,7
"963",7.3,0.24,0.34,15.4,0.05,38,174,0.9983,3.03,0.42,9,6
"2861",7.3,0.21,0.33,1,0.037,66,144,0.9923,3.11,0.52,10.2,6
"3553",5.7,0.22,0.22,16.65,0.044,39,110,0.99855,3.24,0.48,9,6
"4116",7.3,0.26,0.32,1.2,0.041,29,94,0.98978,3.07,0.45,12,6
"1003",6.4,0.28,0.43,7.1,0.045,60,221,0.9952,3.09,0.45,9.4,6
"4302",7.2,0.34,0.23,8.9,0.105,22,155,0.99692,3.01,0.58,9.5,5
"2660",7.1,0.15,0.34,1,0.033,27,73,0.98974,3.24,0.41,12.2,6
"2257",7.1,0.14,0.35,1.4,0.039,24,128,0.99212,2.97,0.68,10.4,5
"3506",6,0.2,0.32,3,0.031,26,118,0.99134,3.38,0.68,11.2,7
"1437",8.5,0.56,0.74,17.85,0.051,51,243,1.0005,2.99,0.7,9.2,5
"866",6.1,0.27,0.33,2.2,0.021,26,117,0.9886,3.12,0.3,12.5,6
"4480",6,0.555,0.26,4.5,0.053,17,126,0.9943,3.24,0.46,9.1,5
"617",7.8,0.32,0.33,2.4,0.037,18,101,0.9912,3.21,0.65,11.7,7
"2057",6.8,0.21,0.27,18.15,0.042,41,146,1.0001,3.3,0.36,8.7,5
"2082",7.5,0.42,0.14,10.7,0.046,18,95,0.9959,3.22,0.33,10.7,5
"1029",7,0.24,0.35,1.5,0.052,51,128,0.9941,3.41,0.59,10.4,7
"1900",6.7,0.44,0.31,1.9,0.03,41,104,0.99,3.29,0.62,12.6,7
"2163",9.9,0.49,0.23,2.4,0.087,19,115,0.9948,2.77,0.44,9.4,6
"3708",6.7,0.34,0.43,1.6,0.041,29,114,0.99014,3.23,0.44,12.6,6
"3462",6.7,0.24,0.3,3.85,0.042,105,179,0.99189,3.04,0.59,11.3,8
"2670",6.8,0.26,0.4,7.5,0.046,45,179,0.99583,3.2,0.49,9.3,5
"2415",6.2,0.38,0.18,7.4,0.095,28,195,0.99773,3.53,0.71,9.2,4
"1098",6.3,0.23,0.21,5.1,0.035,29,142,0.9942,3.36,0.33,10.1,7
"1661",6.6,0.27,0.49,7.8,0.049,62,217,0.9959,3.17,0.45,9.4,6
"47",6.2,0.45,0.26,4.4,0.063,63,206,0.994,3.27,0.52,9.8,4
"3958",7.7,0.31,0.36,4.3,0.026,15,87,0.99152,3.11,0.48,12,5
"3351",7.2,0.22,0.28,7.2,0.06,41,132,0.9935,3.08,0.59,11.3,6
"3352",6,0.22,0.28,1.1,0.034,47,90,0.98862,3.22,0.38,12.6,6
"1154",5.3,0.395,0.07,1.3,0.035,26,102,0.992,3.5,0.35,10.6,6
"2055",8.6,0.485,0.29,4.1,0.026,19,101,0.9918,3.01,0.38,12.4,5
"2137",7.9,0.18,0.36,5.9,0.058,31,132,0.995,3.25,0.52,10.9,6
"779",6.9,0.22,0.37,15,0.053,59,178,0.9992,3.37,0.82,9.5,7
"240",6.2,0.25,0.21,15.55,0.039,28,159,0.9982,3.48,0.64,9.6,6
"4580",6,0.2,0.26,14.7,0.045,53,125,0.998365,2.99,0.69,9.4,6
"4851",7,0.36,0.35,2.5,0.048,67,161,0.99146,3.05,0.56,11.1,6
"2162",6.8,0.37,0.28,4,0.03,29,79,0.99,3.23,0.46,12.4,7
"2550",7.5,0.2,0.47,16.9,0.052,51,188,0.99944,3.09,0.62,9.3,5
"1331",8.3,0.21,0.41,2.2,0.05,24,108,0.994,2.85,0.45,9.5,5
"2649",6.6,0.23,0.29,14.45,0.057,29,144,0.99756,3.33,0.54,10.2,6
"2232",6.9,0.25,0.35,9.2,0.034,42,150,0.9947,3.21,0.36,11.5,6
"2630",5.8,0.6,0,1.3,0.044,72,197,0.99202,3.56,0.43,10.9,5
"3161",6.5,0.34,0.46,1,0.023,6,80,0.98865,3.15,0.54,12.9,6
"2200",6.6,0.25,0.42,11.3,0.049,77,231,0.9966,3.24,0.52,9.5,6
"1904",7.8,0.34,0.27,1.2,0.04,25,106,0.9932,3.01,0.55,10.4,5
"4489",6.7,0.48,0.49,2.9,0.03,28,122,0.98926,3.13,0.4,13,6
"1146",6.8,0.32,0.18,7.5,0.041,71,223,0.9959,3.14,0.41,8.9,5
"2190",7.1,0.18,0.32,12.2,0.048,36,125,0.9967,2.92,0.54,9.4,6
"3212",8.2,0.3,0.44,12.4,0.043,52,154,0.99452,3.04,0.33,12,6
"415",7.2,0.25,0.39,18.95,0.038,42,155,0.9999,2.97,0.47,9,6
"623",5.3,0.32,0.12,6.6,0.043,22,141,0.9937,3.36,0.6,10.4,6
"332",6.8,0.24,0.34,4.6,0.032,37,135,0.9927,3.2,0.39,10.6,5
"2112",6.5,0.22,0.25,17.1,0.05,44,138,1.0001,3.3,0.37,8.8,5
"4529",6.4,0.37,0.19,3.5,0.068,18,101,0.9934,3.03,0.38,9,6
"4845",4.8,0.29,0.23,1.1,0.044,38,180,0.98924,3.28,0.34,11.9,6
"1326",7.7,0.32,0.48,2.3,0.04,28,114,0.9911,3.2,0.52,12.8,7
"2855",6.4,0.21,0.28,5.9,0.047,29,101,0.99278,3.15,0.4,11,6
"572",6.5,0.28,0.29,2.7,0.038,26,107,0.9912,3.32,0.41,11.6,7
"719",6.2,0.21,0.27,1.7,0.038,41,150,0.9933,3.49,0.71,10.5,7
"3770",6.9,0.4,0.17,12.9,0.033,59,186,0.99754,3.08,0.49,9.4,5
"3933",6.9,0.22,0.28,7.8,0.05,43,116,0.99326,3.22,0.6,11.5,8
"4822",7,0.24,0.47,1.3,0.043,18,131,0.99176,3.19,0.45,11,6
"4222",6.3,0.28,0.34,8.1,0.038,44,129,0.99248,3.26,0.29,12.1,6
"2446",6.6,0.34,0.34,2.6,0.051,40.5,210,0.99314,3.15,0.61,10,5
"1987",7.6,0.16,0.41,1.9,0.047,27,151,0.9937,3.2,0.53,10.1,6
"4214",6.5,0.38,0.53,1.4,0.142,5,69,0.9926,3.14,0.52,10.1,4
"721",6.6,0.29,0.44,9,0.053,62,178,0.99685,3.02,0.45,8.9,5
"2773",6.2,0.29,0.32,3.6,0.026,39,138,0.9892,3.31,0.37,13.1,7
"1931",9.2,0.27,0.34,10.5,0.043,49,228,0.9974,3.04,0.41,10.4,6
"442",6.1,0.38,0.2,6.6,0.033,25,137,0.9938,3.3,0.69,10.4,6
"1550",8.5,0.15,0.49,1.5,0.031,17,122,0.9932,3.03,0.4,10.3,6
"2840",5.8,0.22,0.29,0.9,0.034,34,89,0.98936,3.14,0.36,11.1,7
"3417",7.2,0.37,0.4,11.6,0.032,34,214,0.9963,3.1,0.51,9.8,6
"3991",7.3,0.23,0.41,14.6,0.048,73,223,0.99863,3.16,0.71,9.4,6
"1838",7.2,0.24,0.29,2.2,0.037,37,102,0.992,3.27,0.64,11,7
"665",7.1,0.17,0.38,7.4,0.052,49,182,0.9958,3.35,0.52,9.6,6
"1746",6.1,0.34,0.31,12,0.053,46,238,0.9977,3.16,0.48,8.6,5
"4519",9,0.2,0.33,3.5,0.049,10,40,0.9944,3.14,0.36,9.8,6
"1464",8.3,0.19,0.49,1.2,0.051,11,137,0.9918,3.06,0.46,11,6
"2092",7.2,0.24,0.19,7.7,0.045,53,176,0.9958,3.17,0.38,9.5,5
"1459",7.1,0.22,0.74,2.7,0.044,42,144,0.991,3.31,0.41,12.2,6
"3817",6.8,0.41,0.3,8.8,0.045,28,131,0.9953,3.12,0.59,9.9,5
"1489",6.5,0.26,0.74,13.3,0.044,68,224,0.9972,3.18,0.54,9.5,6
"436",6.9,0.2,0.37,6.2,0.027,24,97,0.992,3.38,0.49,12.2,7
"2651",7,0.34,0.39,6.9,0.066,43,162,0.99561,3.11,0.53,9.5,5
"2251",9.2,0.34,0.54,17.3,0.06,46,235,1.00182,3.08,0.61,8.8,6
"4521",5.8,0.31,0.31,7.5,0.052,55,230,0.9949,3.19,0.46,9.8,5
"1569",7.4,0.3,0.49,8.2,0.055,49,188,0.9974,3.52,0.58,9.7,6
"4860",6,0.43,0.34,7.6,0.045,25,118,0.99222,3.03,0.37,11,6
"3935",7.3,0.27,0.3,1.3,0.04,26,84,0.99222,3.28,0.53,10.7,6
"1130",7.9,0.25,0.29,5.3,0.031,33,117,0.9918,3.06,0.32,11.8,7
"2645",7.15,0.17,0.24,9.6,0.119,56,178,0.99578,3.15,0.44,10.2,6
"382",7.2,0.28,0.26,12.5,0.046,48,179,0.9975,3.1,0.52,9,6
"1585",6.4,0.25,0.74,7.8,0.045,52,209,0.9956,3.21,0.42,9.2,6
"1532",8.1,0.3,0.49,8.1,0.037,26,174,0.9943,3.1,0.3,11.2,7
"1088",7,0.24,0.32,1.3,0.037,39,123,0.992,3.17,0.42,11.2,8
"1295",6.9,0.41,0.22,4.2,0.031,10,102,0.993,3,0.86,11.6,4
"1406",6.3,0.39,0.24,6.9,0.069,9,117,0.9942,3.15,0.35,10.2,4
"88",6.8,0.25,0.31,13.3,0.05,69,202,0.9972,3.22,0.48,9.7,6
"4021",6.4,0.37,0.12,5.9,0.056,6,91,0.99536,3.06,0.46,8.4,4
"2826",6.3,0.25,0.22,3.3,0.048,41,161,0.99256,3.16,0.5,10.5,6
"3288",6.8,0.21,0.31,2.9,0.046,40,121,0.9913,3.07,0.65,10.9,7
"2353",6.1,0.28,0.16,1.3,0.06,36,126,0.99353,3.13,0.46,8.7,6
"4525",6.6,0.16,0.25,9.8,0.049,59.5,137,0.995,3.16,0.38,10,6
"1000",7.6,0.21,0.6,2.1,0.046,47,165,0.9936,3.05,0.54,10.1,7
"103",6,0.21,0.24,12.1,0.05,55,164,0.997,3.34,0.39,9.4,5
"287",6.5,0.28,0.33,15.7,0.053,51,190,0.9978,3.22,0.51,9.7,6
"2254",6.3,0.27,0.18,7.7,0.048,45,186,0.9962,3.23,0.47,9,5
"4826",6,0.34,0.29,6.1,0.046,29,134,0.99462,3.48,0.57,10.7,6
"4200",8.1,0.27,0.33,1.3,0.045,26,100,0.99066,2.98,0.44,12.4,6
"1224",8,0.28,0.42,7.1,0.045,41,169,0.9959,3.17,0.43,10.6,5
"2339",7.2,0.34,0.3,8.4,0.051,40,167,0.99756,3.48,0.62,9.7,5
"4308",6.5,0.22,0.27,1.6,0.039,36,116,0.99178,3.38,0.57,11,7
"2244",6.7,0.23,0.42,11.2,0.047,52,171,0.99758,3.54,0.74,10.4,5
"1686",7.2,0.25,0.28,14.4,0.055,55,205,0.9986,3.12,0.38,9,7
"1208",6.4,0.3,0.38,7.8,0.046,35,192,0.9955,3.1,0.37,9,5
"3126",7.4,0.23,0.38,8.6,0.052,41,150,0.99534,3.06,0.46,10.3,5
"4137",5.9,0.65,0.23,5,0.035,20,128,0.99016,3.46,0.48,12.8,6
"985",6.9,0.19,0.33,1.6,0.043,63,149,0.9925,3.44,0.52,10.8,5
"3691",5.6,0.21,0.24,4.4,0.027,37,150,0.991,3.3,0.31,11.5,7
"260",5.8,0.36,0.38,0.9,0.037,3,75,0.9904,3.28,0.34,11.4,4
"2592",6.7,0.34,0.3,8.5,0.059,24,152,0.99615,3.46,0.64,11,7
"790",7.6,0.3,0.27,10.6,0.039,31,119,0.99815,3.27,0.3,9.3,6
"2785",7.1,0.2,0.31,7.4,0.053,32,211,0.99587,3.31,0.59,10.4,6
"685",8.1,0.46,0.31,1.7,0.052,50,183,0.9923,3.03,0.42,11.2,5
"635",6.1,0.17,0.28,4.5,0.033,46,150,0.9933,3.43,0.49,10.9,6
"3424",7.1,0.18,0.39,14.5,0.051,48,156,0.99947,3.35,0.78,9.1,5
"629",7,0.32,0.24,6.2,0.048,31,228,0.9957,3.23,0.62,9.4,6
"2802",6.8,0.26,0.44,8.2,0.046,52,183,0.99584,3.2,0.51,9.4,5
"3289",6.6,0.2,0.14,4.4,0.184,35,168,0.99396,2.93,0.45,9.4,6
"743",7,0.2,0.37,2,0.03,26,136,0.9932,3.28,0.61,10.2,6
"4207",5.9,0.32,0.2,14.4,0.05,29,144,0.99666,3.24,0.41,10.3,6
"162",6.4,0.22,0.56,14.5,0.055,27,159,0.998,2.98,0.4,9.1,5
"3016",7.2,0.32,0.3,8.25,0.02,14,104,0.99362,2.99,0.44,11.4,6
"2954",6,0.28,0.25,1.8,0.042,8,108,0.9929,3.08,0.55,9,5
"4738",6.1,0.24,0.32,9,0.031,41,134,0.99234,3.25,0.26,12.3,7
"432",6.4,0.34,0.1,1.1,0.048,19,84,0.9927,3.21,0.38,9.8,5
"3284",6.6,0.2,0.14,4.4,0.184,35,168,0.99396,2.93,0.45,9.4,6
"4871",6.1,0.32,0.28,6.6,0.021,29,132,0.99188,3.15,0.36,11.45,7
"3634",6.6,0.3,0.25,8,0.036,21,124,0.99362,3.06,0.38,10.8,6
"456",6.4,0.41,0.24,14,0.048,24,113,0.9982,3.44,0.53,9.8,6
"2722",8.2,0.37,0.64,13.9,0.043,22,171,0.99873,2.99,0.8,9.3,5
"2878",6.5,0.15,0.55,5.9,0.045,75,162,0.99482,2.97,0.4,9.3,5
"3094",7,0.25,0.45,2.3,0.045,40,118,0.99064,3.16,0.48,11.9,7
"2230",6.9,0.25,0.35,9.2,0.034,42,150,0.9947,3.21,0.36,11.5,6
"521",7.9,0.19,0.26,2.1,0.039,8,143,0.9942,3.05,0.74,9.8,5
"1582",9,0.3,0.49,7.2,0.039,32,84,0.9938,2.94,0.32,11.5,6
"3342",7.6,0.17,0.27,4.6,0.05,23,98,0.99422,3.08,0.47,9.5,6
"4885",6.5,0.33,0.38,8.3,0.048,68,174,0.99492,3.14,0.5,9.6,5
"3232",6.8,0.21,0.37,7,0.038,27,107,0.99206,2.98,0.82,11.5,6
"4370",6.4,0.29,0.21,9.65,0.041,36,119,0.99334,2.99,0.34,10.9333333333333,6
"2252",7.4,0.18,0.29,1.4,0.042,34,101,0.99384,3.54,0.6,10.5,7
"1629",8.2,0.2,0.49,3.5,0.057,14,108,0.9928,3.19,0.35,11.5,6
"2644",8.1,0.33,0.22,5.2,0.047,24,151,0.99527,3.22,0.47,10.3,5
"2966",5.5,0.34,0.26,2.2,0.021,31,119,0.98919,3.55,0.49,13,8
"1528",7.9,0.28,0.49,7.7,0.045,48,195,0.9954,3.04,0.55,11,6
"3719",6.6,0.26,0.22,18.15,0.05,23,139,0.99904,3.06,0.5,9.2,5
"147",5.6,0.16,0.27,1.4,0.044,53,168,0.9918,3.28,0.37,10.1,6
"1616",7.5,0.19,0.49,1.6,0.047,42,140,0.9932,3.4,0.47,10.7,6
"2481",6.8,0.32,0.3,1,0.049,22,113,0.99289,3.24,0.61,10.2,5
"769",6.7,0.11,0.34,8.8,0.043,41,113,0.9962,3.42,0.4,9.3,7
"1353",5.7,0.21,0.24,2.3,0.047,60,189,0.995,3.65,0.72,10.1,6
"2364",6.7,0.24,0.26,12.6,0.053,44,182,0.99802,3.42,0.42,9.7,5
"476",7,0.24,0.51,11,0.029,55,227,0.9965,3.03,0.61,9.5,5
"4007",5.4,0.15,0.32,2.5,0.037,10,51,0.98878,3.04,0.58,12.6,6
"4195",6.7,0.2,0.24,6.5,0.044,28,100,0.99348,3.12,0.33,10.2,6
"2153",7,0.22,0.33,2.1,0.052,15,76,0.993,3.2,0.41,10.6,6
"3978",6.9,0.27,0.25,7.5,0.03,18,117,0.99116,3.09,0.38,13,6
"536",7.9,0.345,0.51,15.3,0.047,54,171,0.9987,3.09,0.51,9.1,5
"579",6.5,0.28,0.29,2.7,0.038,26,107,0.9912,3.32,0.41,11.6,7
"255",5.8,0.24,0.39,1.5,0.054,37,158,0.9932,3.21,0.52,9.3,6
"2021",7.7,0.26,0.34,6.4,0.05,36,163,0.9937,3.19,0.7,11.5,6
"2104",6,0.27,0.15,1.5,0.056,35,128,0.9936,3.12,0.45,8.8,5
"2287",6.6,0.41,0.24,4.9,0.158,47,144,0.99471,3.17,0.49,9.4,5
"604",6.4,0.475,0.06,1,0.03,9,131,0.9904,2.97,0.29,10.8,5
"2914",7.7,0.18,0.3,1.2,0.046,49,199,0.99413,3.03,0.38,9.3,5
"1335",9,0.24,0.5,1.2,0.048,26,107,0.9918,3.21,0.34,12.4,6
"346",7.1,0.145,0.33,4.6,0.05,33,131,0.9942,3.28,0.4,9.6,6
"2475",6.1,0.27,0.31,1.5,0.035,17,83,0.99076,3.32,0.44,11.1,7
"3547",6.6,0.23,0.37,8.5,0.036,46,153,0.99576,3.2,0.48,9.4,6
"4040",6.1,1.1,0.16,4.4,0.033,8,109,0.99058,3.35,0.47,12.4,4
"4710",5.9,0.21,0.31,1.8,0.033,45,142,0.98984,3.35,0.5,12.7,6
"818",6.6,0.56,0.22,8.9,0.034,27,133,0.99675,3.2,0.51,9.1,5
"873",6.3,0.26,0.21,4,0.03,24,125,0.9915,3.06,0.34,10.7,6
"194",6.6,0.15,0.34,5.1,0.055,34,125,0.9942,3.36,0.42,9.6,5
"2483",6.2,0.26,0.37,7.1,0.047,54,201,0.99523,3.19,0.48,9.5,6
"2732",7.9,0.51,0.36,6.2,0.051,30,173,0.9984,3.09,0.53,9.7,5
"4832",5.8,0.38,0.26,1.1,0.058,20,140,0.99271,3.27,0.43,9.7,6
"2841",6.5,0.37,0.33,3.5,0.036,23,92,0.99136,3.18,0.38,11.2,6
"3728",5.7,0.265,0.28,6.9,0.036,46,150,0.99299,3.36,0.44,10.8,7
"368",6.9,0.33,0.21,1,0.053,39,148,0.9927,3.12,0.45,9.4,6
"3291",7.8,0.25,0.37,1,0.043,10,80,0.99128,3.08,0.38,11.4,5
"196",6.4,0.3,0.45,3.5,0.197,76,180,0.9942,3.02,0.39,9.1,6
"2726",6.9,0.23,0.32,16.4,0.045,62,153,0.9972,3.22,0.42,10.5,5
"3307",6,0.32,0.3,1.9,0.033,41,142,0.98912,3.29,0.42,12.8,7
"1497",6.7,0.62,0.24,1.1,0.039,6,62,0.9934,3.41,0.32,10.4,5
"1741",6.6,0.37,0.47,6.5,0.061,23,150,0.9954,3.14,0.45,9.6,6
"524",5.8,0.36,0.32,1.7,0.033,22,96,0.9898,3.03,0.38,11.2,6
"70",7.4,0.24,0.29,10.1,0.05,21,105,0.9962,3.13,0.35,9.5,5
"978",6.5,0.14,0.33,7.6,0.05,53,189,0.9966,3.25,0.49,8.6,5
"509",5.9,0.62,0.28,3.5,0.039,55,152,0.9907,3.44,0.44,12,6
"307",7.2,0.43,0.24,6.7,0.058,40,163,0.995,3.2,0.41,9.9,5
"4369",6.5,0.3,0.28,11.45,0.041,29,109,0.99418,2.98,0.3,10.9,6
"923",7.7,0.32,0.62,10.6,0.036,56,153,0.9978,3.13,0.44,8.9,6
"2391",7,0.28,0.26,1.7,0.042,34,130,0.9925,3.43,0.5,10.7,8
"1755",6.4,0.16,0.28,2.2,0.042,33,93,0.9914,3.31,0.43,11.1,6
"929",6.5,0.25,0.35,12,0.055,47,179,0.998,3.58,0.47,10,5
"1551",7.9,0.18,0.49,5.2,0.051,36,157,0.9953,3.18,0.48,10.6,6
"610",7.4,0.37,0.35,5.7,0.061,12,94,0.9965,3.48,0.69,10.7,6
"4160",7.4,0.16,0.3,13.7,0.056,33,168,0.99825,2.9,0.44,8.7,7
"3967",5.4,0.185,0.19,7.1,0.048,36,110,0.99438,3.26,0.41,9.5,6
"760",7.1,0.13,0.4,1.2,0.047,54,134,0.9932,3.3,0.97,9.8,7
"3027",8.4,0.22,0.3,8.9,0.024,17,118,0.99456,2.99,0.34,10.5,6
"768",6.8,0.2,0.36,1.6,0.028,7,46,0.99175,3.21,0.6,10.9,6
"2737",6.5,0.17,0.31,1.5,0.041,34,121,0.99092,3.06,0.46,10.5,6
"2614",6.6,0.36,0.52,10.1,0.05,29,140,0.99628,3.07,0.4,9.4,5
"3766",6.9,0.4,0.17,12.9,0.033,59,186,0.99754,3.08,0.49,9.4,5
"3412",6,0.14,0.17,5.6,0.036,37,127,0.99373,3.05,0.57,9.8,6
"1943",8.3,0.36,0.57,15,0.052,35,256,1.0001,2.93,0.64,8.6,5
"4663",7.3,0.17,0.36,8.2,0.028,44,111,0.99272,3.14,0.41,12.4,6
"3929",6.6,0.32,0.47,15.6,0.063,27,173,0.99872,3.18,0.56,9,5
"1681",7.6,0.32,0.34,18.35,0.054,44,197,1.0008,3.22,0.55,9,5
"116",5.5,0.485,0,1.5,0.065,8,103,0.994,3.63,0.4,9.7,4
"2608",8.9,0.26,0.33,8.1,0.024,47,202,0.99558,3.13,0.46,10.8,6
"3510",6.4,0.26,0.25,10.7,0.046,66,179,0.99606,3.17,0.55,9.9,6
"1619",6.4,0.37,0.49,13.3,0.045,53,243,0.9982,3.14,0.48,8.5,6
"12",8.6,0.23,0.4,4.2,0.035,17,109,0.9947,3.14,0.53,9.7,5
"2548",6.2,0.33,0.14,4.8,0.052,27,128,0.99475,3.21,0.48,9.4,5
"2588",5.1,0.14,0.25,0.7,0.039,15,89,0.9919,3.22,0.43,9.2,6
"2009",7.2,0.15,0.39,1.8,0.043,21,159,0.9948,3.52,0.47,10,5
"4288",7.6,0.28,0.17,1.6,0.046,28,117,0.99288,3.08,0.43,10,5
"3874",7.6,0.37,0.51,11.7,0.094,58,181,0.99776,2.91,0.51,9,5
"2463",8.3,0.25,0.33,2.5,0.053,12,72,0.99404,2.89,0.48,9.5,5
"2141",7.7,0.28,0.35,15.3,0.056,31,117,0.9998,3.27,0.5,9.6,5
"4190",6.4,0.21,0.21,5.1,0.097,21,105,0.9939,3.07,0.46,9.6,5
"3268",5.8,0.23,0.2,2,0.043,39,154,0.99226,3.21,0.39,10.2,6
"4138",7.4,0.31,0.26,8.6,0.048,47,206,0.9964,3.26,0.36,9.1,5
"4436",6.5,0.29,0.3,9.15,0.051,25,166,0.99339,3.24,0.56,11.3333333333333,6
"2000",7.3,0.18,0.31,17.3,0.055,32,197,1.0002,3.13,0.46,9,6
"3158",6.8,0.39,0.34,7.4,0.02,38,133,0.99212,3.18,0.44,12,7
"4205",6.9,0.26,0.38,10.5,0.044,33,139,0.99517,3.06,0.5,10.3,6
"1236",7.8,0.32,0.31,1.7,0.036,46,195,0.993,3.03,0.48,10.5,5
"1391",5.9,0.19,0.26,7.4,0.034,33,123,0.995,3.49,0.42,10.1,6
"4126",6.3,0.17,0.23,5.7,0.048,44,147,0.99382,3.08,0.54,10,5
"1421",9.2,0.28,0.49,11.8,0.042,29,137,0.998,3.1,0.34,10.1,4
"470",7.2,0.29,0.53,18.15,0.047,59,182,0.9992,3.09,0.52,9.6,5
"3104",7,0.25,0.45,2.3,0.045,40,118,0.99064,3.16,0.48,11.9,7
"3585",7.4,0.25,0.28,7.25,0.028,14,78,0.99238,2.94,0.37,11.5,7
"658",7.3,0.34,0.21,3.2,0.05,14,136,0.9936,3.25,0.44,10.2,5
"4264",7,0.55,0.05,8,0.036,19,164,0.99269,3.26,0.46,12.2,6
"1137",6,0.26,0.42,5.2,0.027,70,178,0.9914,3.4,0.4,12.3,8
"3112",6.5,0.23,0.39,1.9,0.036,41,98,0.99,3.19,0.43,11.9,7
"4717",5.5,0.315,0.38,2.6,0.033,10,69,0.9909,3.12,0.59,10.8,6
"1005",5.8,0.36,0.26,3.3,0.038,40,153,0.9911,3.34,0.55,11.3,6
"1195",6.2,0.37,0.22,8.3,0.025,36,216,0.9964,3.33,0.6,9.6,6
"3655",6.8,0.18,0.32,7.2,0.047,17,109,0.99498,3.42,0.44,10.4,6
"4769",6.8,0.27,0.3,13,0.047,69,160,0.99705,3.16,0.5,9.6,6
"3184",6.5,0.24,0.38,1,0.027,31,90,0.98926,3.24,0.36,12.3,6
"969",6.5,0.08,0.33,1.9,0.028,23,93,0.991,3.34,0.7,12,7
"4429",6.9,0.44,0.27,5,0.038,33,166,0.99124,3.2,0.42,12.2,6
"473",6.6,0.24,0.29,2,0.023,19,86,0.99,3.25,0.45,12.5,6
"54",6.4,0.18,0.35,1,0.045,39,108,0.9911,3.31,0.35,10.9,6
"1056",8.6,0.26,0.41,2.2,0.049,29,111,0.9941,2.96,0.44,10,5
"2015",9,0.55,0.3,8.1,0.026,14,71,0.993,2.94,0.36,11.8,5
"206",6.4,0.21,0.5,11.6,0.042,45,153,0.9972,3.15,0.43,8.8,5
"4354",7.4,0.16,0.3,1.4,0.064,34,166,0.99136,3.11,0.42,11.4333333333333,6
"1871",6.3,0.19,0.21,1.8,0.049,35,163,0.9924,3.31,0.5,10.3,6
"574",7.2,0.2,0.34,2.7,0.032,49,151,0.99,3.16,0.39,12.7,7
"3174",6.7,0.33,0.34,7.5,0.036,39,124,0.99123,2.99,0.32,12.4,8
"634",6,0.29,0.2,12.6,0.045,45,187,0.9972,3.33,0.42,9.5,5
"919",7,0.24,0.34,1.4,0.031,27,107,0.99,3.06,0.39,11.9,6
"2970",6.7,0.2,0.3,1.4,0.025,17,76,0.99104,3.11,0.44,11,6
"4076",5.7,0.25,0.26,12.5,0.049,52.5,120,0.99691,3.08,0.45,9.4,6
"163",6.3,0.36,0.3,4.8,0.049,14,85,0.9932,3.28,0.39,10.6,5
"2923",6.5,0.44,0.47,5.45,0.014,44,137,0.98984,3.13,0.32,13,8
"558",6.1,0.41,0.24,1.6,0.049,16,137,0.993,3.32,0.5,10.4,6
"3774",5,0.61,0.12,1.3,0.009,65,100,0.9874,3.26,0.37,13.5,5
"2367",7.4,0.33,0.44,7.6,0.05,40,227,0.99679,3.12,0.52,9,5
"3089",6.3,0.37,0.37,1.5,0.024,12,76,0.98876,2.94,0.39,12.3,6
"3387",6.1,0.28,0.27,4.7,0.03,56,140,0.99042,3.16,0.42,12.5,8
"4702",6.4,0.69,0.09,7.6,0.044,34,144,0.9948,3.26,0.38,10.1,6
"4133",7.4,0.31,0.26,8.6,0.048,47,206,0.9964,3.26,0.36,9.1,5
"2799",6.9,0.31,0.32,1.6,0.036,34,114,0.99068,3.19,0.45,11.4,7
"223",6.2,0.25,0.25,1.4,0.03,35,105,0.9912,3.3,0.44,11.1,7
"2700",6.9,0.3,0.25,3.3,0.041,26,124,0.99428,3.18,0.5,9.3,6
"1804",6.4,0.26,0.21,7.1,0.04,35,162,0.9956,3.39,0.58,9.9,6
"2202",6,0.28,0.27,2.3,0.051,23,147,0.994,3.23,0.67,10.3,6
"1988",8.1,0.22,0.28,7.7,0.043,57,176,0.9954,3.12,0.55,10,5
"18",6.2,0.66,0.48,1.2,0.029,29,75,0.9892,3.33,0.39,12.8,8
"4646",5,0.24,0.34,1.1,0.034,49,158,0.98774,3.32,0.32,13.1,7
"412",7.3,0.28,0.36,12.7,0.04,38,140,0.998,3.3,0.79,9.6,6
"430",7.1,0.31,0.47,13.6,0.056,54,197,0.9978,3.1,0.49,9.3,5
"2678",6.2,0.25,0.31,3.2,0.03,32,150,0.99014,3.18,0.31,12,6
"2906",7.6,0.31,0.26,1.7,0.073,40,157,0.9938,3.1,0.46,9.8,5
"1087",5.2,0.24,0.45,3.8,0.027,21,128,0.992,3.55,0.49,11.2,8
"910",7.5,0.24,0.31,13,0.049,46,217,0.9985,3.08,0.53,8.8,5
"1084",7.4,0.2,0.37,16.95,0.048,43,190,0.9995,3.03,0.42,9.2,6
"2537",6.5,0.23,0.25,17.3,0.046,15,110,0.99828,3.15,0.42,9.2,6
"927",5.4,0.595,0.1,2.8,0.042,26,80,0.9932,3.36,0.38,9.3,5
"3812",7.2,0.28,0.38,2,0.052,23,156,0.9912,3.13,0.52,11.1,5
"3703",7.5,0.24,0.31,13.1,0.05,26,180,0.99884,3.05,0.53,9.1,6
"3253",7.1,0.26,0.37,5.5,0.025,31,105,0.99082,3.06,0.33,12.6,8
"1919",6.6,0.35,0.29,14.4,0.044,54,177,0.9991,3.17,0.58,8.9,6
"2865",5.3,0.16,0.39,1,0.028,40,101,0.99156,3.57,0.59,10.6,6
"1232",7.9,0.41,0.37,4.5,0.03,40,114,0.992,3.17,0.54,12.4,7
"3635",7.6,0.31,0.27,8.8,0.021,57,156,0.99442,3.08,0.38,11,7
"2815",6.7,0.19,0.39,1,0.032,14,71,0.98912,3.31,0.38,13,7
"840",7.5,0.34,0.35,6,0.034,12,126,0.9924,3.16,0.39,12,7
"1509",6.8,0.21,0.49,14.5,0.06,50,170,0.9991,3.55,0.44,9.8,6
"96",7.1,0.26,0.29,12.4,0.044,62,240,0.9969,3.04,0.42,9.2,6
"4737",6,0.16,0.36,1.6,0.042,13,61,0.99143,3.22,0.54,10.8,6
"884",7.4,0.26,0.43,6,0.022,22,125,0.9928,3.13,0.55,11.5,6
"794",5.9,0.24,0.3,2,0.033,28,92,0.99225,3.39,0.69,10.9,7
"2845",8,0.22,0.31,5.6,0.049,24,97,0.993,3.1,0.42,10.9,5
"3487",6.9,0.28,0.33,1.2,0.039,16,98,0.9904,3.07,0.39,11.7,6
"732",6.2,0.25,0.48,10,0.044,78,240,0.99655,3.25,0.47,9.5,6
"1493",8,0.3,0.49,9.4,0.046,47,188,0.9964,3.14,0.48,10,5
"2305",7.5,0.42,0.2,1.4,0.06,15,168,0.9944,3.06,0.4,9.4,6
"554",7,0.3,0.51,13.6,0.05,40,168,0.9976,3.07,0.52,9.6,7
"3140",6.2,0.19,0.29,4.3,0.045,33,126,0.99658,3.18,0.42,9.3,6
"814",6.5,0.26,0.32,16.5,0.045,44,166,1,3.38,0.46,9.5,6
"3381",6.5,0.28,0.34,3.6,0.04,29,121,0.99111,3.28,0.48,12.1,7
"603",6.4,0.45,0.07,1.1,0.03,10,131,0.9905,2.97,0.28,10.8,5
"1070",6.9,0.2,0.36,1.5,0.031,38,147,0.9931,3.35,0.56,11,6
"2584",6.8,0.18,0.3,12.8,0.062,19,171,0.99808,3,0.52,9,7
"2195",6.4,0.18,0.32,9.6,0.052,24,90,0.9963,3.35,0.49,9.4,6
"2172",7.4,0.19,0.3,12.8,0.053,48.5,229,0.9986,3.14,0.49,9.1,7
"4143",5.9,0.27,0.27,9,0.051,43,136,0.9941,3.25,0.53,10.7,6
"2585",6.8,0.18,0.3,12.8,0.062,19,171,0.99808,3,0.52,9,7
"1862",7.8,0.2,0.28,10.2,0.054,78,186,0.997,3.14,0.46,10,6
"1042",7.7,0.275,0.3,1,0.039,19,75,0.992,3.01,0.56,10.7,5
"4651",5.6,0.695,0.06,6.8,0.042,9,84,0.99432,3.44,0.44,10.2,5
"796",7.2,0.31,0.26,7.3,0.05,37,157,0.99625,3.09,0.43,9,5
"3964",6,0.34,0.32,3.8,0.044,13,116,0.99108,3.39,0.44,11.8,7
"4593",6.7,0.45,0.3,5.3,0.036,27,165,0.99122,3.12,0.46,12.2,6
"1653",8.2,0.29,0.49,1,0.044,29,118,0.9928,3.24,0.36,10.9,4
"4806",5.1,0.26,0.34,6.4,0.034,26,99,0.99449,3.23,0.41,9.2,6
"3863",6.5,0.27,0.19,6.6,0.045,98,175,0.99364,3.16,0.34,10.1,6
"161",6.1,0.32,0.24,1.5,0.036,38,124,0.9898,3.29,0.42,12.4,7
"2429",7.3,0.22,0.26,1.5,0.04,32,172,0.99194,3.27,0.48,11.2,6
"4817",6.1,0.41,0.2,12.6,0.032,54,136,0.99516,2.91,0.43,10.6,6
"1724",6.5,0.18,0.34,1.6,0.04,43,148,0.9912,3.32,0.59,11.5,8
"3659",5.8,0.275,0.3,5.4,0.043,41,149,0.9926,3.33,0.42,10.8,7
"3515",7.7,0.38,0.23,10.8,0.03,28,95,0.99164,2.93,0.41,13.6,6
"4058",6.6,0.17,0.36,1.9,0.036,38,110,0.99056,3.05,0.54,11.4,6
"3850",8.2,0.31,0.43,7,0.047,18,87,0.99628,3.23,0.64,10.6,5
"2634",7.2,0.24,0.27,11.4,0.034,40,174,0.99773,3.2,0.44,9,5
"1243",8.1,0.43,0.42,6.6,0.033,36,141,0.9918,2.98,0.39,13.3,7
"1992",7.6,0.2,0.3,14.2,0.056,53,212.5,0.999,3.14,0.46,8.9,8
"541",6.7,0.31,0.31,9.9,0.04,10,175,0.9953,3.46,0.55,11.4,4
"4352",6.4,0.31,0.28,2.5,0.039,34,137,0.98946,3.22,0.38,12.7,6
"988",7.4,0.3,0.3,5.2,0.053,45,163,0.9941,3.12,0.45,10.3,6
"2386",7.6,0.2,0.68,12.9,0.042,56,160,0.99841,3.05,0.41,8.7,5
"3436",6.5,0.24,0.28,1.1,0.034,26,83,0.98928,3.25,0.33,12.3,6
"1077",7.5,0.28,0.33,7.7,0.048,42,180,0.9974,3.37,0.59,10.1,6
"1714",6.6,0.34,0.27,6.2,0.059,23,136,0.9957,3.3,0.49,10.1,6
"958",6.6,0.23,0.32,0.9,0.041,25,79,0.9926,3.39,0.54,10.2,7
"1311",5.2,0.365,0.08,13.5,0.041,37,142,0.997,3.46,0.39,9.9,6
"1432",6.1,0.22,0.49,1.5,0.051,18,87,0.9928,3.3,0.46,9.6,5
"4534",6.1,0.25,0.18,10.5,0.049,41,124,0.9963,3.14,0.35,10.5,5
"4134",5.7,0.25,0.27,11.5,0.04,24,120,0.99411,3.33,0.31,10.8,6
"2559",6.3,0.13,0.42,1.1,0.043,63,146,0.99066,3.13,0.72,11.2,7
"3824",6.7,0.26,0.49,8.1,0.052,48,197,0.99558,3.19,0.48,9.5,5
"1381",6.9,0.38,0.32,8.5,0.044,36,152,0.9932,3.38,0.35,12,7
"3806",8.3,0.18,0.3,1.1,0.033,20,57,0.99109,3.02,0.51,11,6
"3406",5.8,0.15,0.32,1.2,0.037,14,119,0.99137,3.19,0.5,10.2,6
"2089",8.7,0.15,0.3,1.6,0.046,29,130,0.9942,3.22,0.38,9.8,6
"209",6.8,0.57,0.29,2.2,0.04,15,77,0.9938,3.32,0.74,10.2,5
"4431",8.1,0.36,0.59,13.6,0.051,60,134,0.99886,2.96,0.39,8.7,5
"808",6.2,0.29,0.26,13.1,0.046,55,204,0.99745,3.16,0.41,9.6,6
"4355",6.4,0.31,0.27,7.4,0.049,48,169,0.99323,3.27,0.45,11.1,6
"205",5.8,0.28,0.35,2.3,0.053,36,114,0.9924,3.28,0.5,10.2,4
"3008",5,0.27,0.32,4.5,0.032,58,178,0.98956,3.45,0.31,12.6,7
"4552",7,0.23,0.32,1.8,0.048,25,113,0.9915,3.11,0.47,11.1,6
"4387",6,0.27,0.31,5,0.043,54,170,0.9924,3.28,0.52,11,6
"4334",7.3,0.19,0.27,13.9,0.057,45,155,0.99807,2.94,0.41,8.8,8
"3421",7.6,0.28,0.49,20.15,0.06,30,145,1.00196,3.01,0.44,8.5,5
"1481",7.2,0.08,0.49,1.3,0.05,18,148,0.9945,3.46,0.44,10.2,6
"1291",8.4,0.16,0.33,1.5,0.033,16,98,0.994,3.14,0.42,9.7,6
"4504",5.8,0.61,0.01,8.4,0.041,31,104,0.9909,3.26,0.72,14.05,7
"1580",7.6,0.31,0.49,13.4,0.062,50,191,0.9989,3.22,0.53,9,4
"4695",6.9,0.19,0.31,19.25,0.043,38,167,0.99954,2.93,0.52,9.1,7
"302",8.3,0.2,0.35,0.9,0.05,12,74,0.992,3.13,0.38,10.5,6
"1410",7.9,0.2,0.34,1.2,0.04,29,118,0.9932,3.14,0.41,10.6,6
"1503",6.6,0.3,0.24,1.2,0.034,17,121,0.9933,3.13,0.36,9.2,5
"4424",6.2,0.22,0.28,2.2,0.04,24,125,0.9917,3.19,0.48,10.5,6
"3298",6.5,0.25,0.5,7.6,0.047,54,184,0.99572,3.17,0.45,9.2,5
"802",6,0.28,0.49,6.8,0.048,61,222,0.9953,3.19,0.47,9.3,5
"583",7.3,0.3,0.22,6.4,0.056,44,168,0.9947,3.13,0.35,10.1,6
"1420",7.6,0.14,0.74,1.6,0.04,27,103,0.9916,3.07,0.4,10.8,7
"1433",6.5,0.36,0.49,2.9,0.03,16,94,0.9902,3.1,0.49,12.1,7
"1192",6.9,0.25,0.26,5.2,0.024,36,135,0.9948,3.16,0.72,10.7,7
"3132",6.3,0.35,0.26,17.6,0.061,59,198,0.99918,3.11,0.49,8.8,5
"3220",6.2,0.35,0.31,2.6,0.036,37,92,0.98938,3.27,0.53,12.8,7
"2964",7.5,0.38,0.29,4.9,0.021,38,113,0.99026,3.08,0.48,13,7
"3895",5.9,0.435,0.16,6.4,0.031,21,134,0.99151,3.24,0.46,12.2,6
"1763",6.4,0.17,0.27,1.5,0.037,20,98,0.9916,3.46,0.42,11,7
"2186",7.5,0.18,0.31,11.7,0.051,24,94,0.997,3.19,0.44,9.5,7
"3792",6.5,0.26,0.5,8,0.051,46,197,0.99536,3.18,0.47,9.5,5
"227",6.4,0.17,0.32,2.4,0.048,41,200,0.9938,3.5,0.5,9.7,6
"996",7.8,0.27,0.34,1.6,0.046,27,154,0.9927,3.05,0.45,10.5,6
"3080",6.6,0.35,0.34,4.9,0.032,9,125,0.99253,3.32,0.81,12,5
"429",7.8,0.21,0.27,1.2,0.051,20,89,0.9936,3.06,0.46,9.1,5
"4846",6.6,0.38,0.29,2.4,0.136,15,93,0.99336,3.18,0.6,9.5,5
"427",7,0.21,0.28,8.6,0.045,37,221,0.9954,3.25,0.54,10.4,6
"3483",5.4,0.45,0.27,6.4,0.033,20,102,0.98944,3.22,0.27,13.4,8
"257",6.3,0.35,0.3,5.7,0.035,8,97,0.9927,3.27,0.41,11,7
"844",6.9,0.19,0.35,1.7,0.036,33,101,0.99315,3.21,0.54,10.8,7
"917",7.4,0.13,0.39,4.7,0.042,36,137,0.995,3.36,0.56,10.3,7
"618",7.8,0.26,0.27,1.9,0.051,52,195,0.9928,3.23,0.5,10.9,6
"3517",7.2,0.33,0.34,2,0.044,61,171,0.98947,3.25,0.53,13.3,7
"1670",7.1,0.31,0.38,1.2,0.036,10,124,0.9924,3.14,0.44,9.9,6
"4829",6.4,0.23,0.35,10.3,0.042,54,140,0.9967,3.23,0.47,9.2,5
"820",6.6,0.56,0.22,8.9,0.034,27,133,0.99675,3.2,0.51,9.1,5
"1411",7.1,0.26,0.32,5.9,0.037,39,97,0.9934,3.31,0.4,11.6,6
"1255",7,0.16,0.73,1,0.138,58,150,0.9936,3.08,0.3,9.2,5
"4249",5.9,0.14,0.2,1.6,0.04,26,114,0.99105,3.25,0.45,11.4,6
"4254",5.3,0.47,0.1,1.3,0.036,11,74,0.99082,3.48,0.54,11.2,4
"3948",6.1,0.3,0.32,2.2,0.042,41,142,0.98952,3.31,0.44,12.7,7
"3980",6.5,0.29,0.52,1.7,0.034,41,193,0.99223,3.25,0.59,10.4,6
"784",8.1,0.17,0.44,14.1,0.053,43,145,1.0006,3.28,0.75,8.8,8
"4762",6.2,0.15,0.27,11,0.035,46,116,0.99602,3.12,0.38,9.1,6
"3014",7,0.13,0.37,12.85,0.042,36,105,0.99581,3.05,0.55,10.7,6
"1303",7.4,0.19,0.42,6.4,0.067,39,212,0.9958,3.3,0.33,9.6,6
"3898",7,0.24,0.3,12.3,0.035,72,172,0.9954,2.99,0.57,10.4,6
"1837",7,0.19,0.23,5.7,0.123,27,104,0.9954,3.04,0.54,9.4,6
"966",8.3,0.23,0.43,3.2,0.035,14,101,0.9928,3.15,0.36,11.5,5
"516",6.1,0.31,0.26,2.2,0.051,28,167,0.9926,3.37,0.47,10.4,6
"3881",6,0.28,0.24,17.8,0.047,42,111,0.99896,3.1,0.45,8.9,6
"4093",6.4,0.5,0.2,2.4,0.059,19,112,0.99314,3.18,0.4,9.2,6
"3341",6.2,0.3,0.31,1.2,0.048,19,125,0.98999,3.32,0.54,12.6,6
"1652",6.4,0.42,0.74,12.8,0.076,48,209,0.9978,3.12,0.58,9,6
"154",7.2,0.18,0.41,1.2,0.048,41,97,0.9919,3.14,0.45,10.4,5
"505",7.8,0.18,0.31,12.2,0.053,46,140,0.998,3.06,0.53,8.9,6
"3717",6.8,0.22,0.26,1.2,0.041,29,182,0.99104,3.04,0.35,11.2,5
"4422",6.6,0.22,0.23,17.3,0.047,37,118,0.99906,3.08,0.46,8.8,6
"408",6.9,0.49,0.24,1.2,0.049,13,125,0.9932,3.17,0.51,9.4,5
"1371",7.6,0.28,0.39,1.9,0.052,23,116,0.9941,3.25,0.4,10.4,6
"1839",6.5,0.34,0.36,11,0.052,53,247,0.9984,3.44,0.55,9.3,6
"4745",5,0.24,0.19,5,0.043,17,101,0.99438,3.67,0.57,10,5
"4279",5.6,0.18,0.29,2.3,0.04,5,47,0.99126,3.07,0.45,10.1,4
"2903",6.2,0.36,0.14,8.9,0.036,38,155,0.99622,3.27,0.5,9.4,5
"3568",6.9,0.26,0.27,4.2,0.031,20,80,0.99089,3.12,0.39,11.5,6
"1240",10.3,0.25,0.48,2.2,0.042,28,164,0.998,3.19,0.59,9.7,5
"3192",7.6,0.24,0.44,3.8,0.037,49,146,0.9911,3.06,0.37,11.6,6
"298",7.2,0.19,0.46,3.8,0.041,82,187,0.9932,3.19,0.6,11.2,7
"905",6.9,0.21,0.28,2.4,0.056,49,159,0.9944,3.02,0.47,8.8,8
"4293",6.9,0.22,0.32,5.8,0.041,20,119,0.99296,3.17,0.55,11.2,6
"615",7.5,0.21,0.68,10.9,0.045,38,133,0.9978,3,0.36,8.7,5
"2576",6.7,0.17,0.42,10.4,0.038,85,182,0.99628,3.04,0.44,8.9,6
"2471",7.6,0.25,0.34,1.3,0.056,34,176,0.99434,3.1,0.51,9.5,5
"1761",6.4,0.28,0.19,5.4,0.042,67,181,0.99435,3.31,0.35,10.2,6
"2811",7.8,0.26,0.31,3.6,0.025,22,100,0.99066,2.99,0.47,12.1,7
"1441",7.2,0.26,0.74,13.6,0.05,56,162,0.998,3.03,0.44,8.8,5
"460",6.1,0.43,0.35,9.1,0.059,83,249,0.9971,3.37,0.5,8.5,5
"1937",9.2,0.27,0.34,10.5,0.043,49,228,0.9974,3.04,0.41,10.4,6
"1664",7.9,0.33,0.28,31.6,0.053,35,176,1.0103,3.15,0.38,8.8,6
"3293",6.6,0.28,0.41,7,0.046,59,194,0.99558,3.14,0.48,9.4,5
"4009",6.1,0.25,0.48,15.8,0.052,25,94,0.99782,3.07,0.45,9.2,6
"2213",7,0.32,0.35,1.5,0.039,24,125,0.9918,3.17,0.64,12.2,6
"4129",6.6,0.33,0.32,15.6,0.054,62,227,0.99734,3.25,0.56,10.4,5
"313",7.8,0.25,0.41,3.7,0.042,37,149,0.9954,3.36,0.45,10,6
"3241",6.4,0.16,0.42,1,0.036,29,113,0.9908,3.18,0.52,11,6
"1451",7.8,0.43,0.49,13,0.033,37,158,0.9955,3.14,0.35,11.3,6
"967",6.5,0.34,0.28,1.8,0.041,43,188,0.9928,3.13,0.37,9.6,6
"4707",6.1,0.22,0.4,1.85,0.031,25,111,0.98966,3.03,0.3,11.8,7
"3999",6.4,0.24,0.49,5.8,0.053,25,120,0.9942,3.01,0.98,10.5,6
"3203",5.6,0.42,0.34,2.4,0.022,34,97,0.98915,3.22,0.38,12.8,7
"3761",7.8,0.2,0.32,5,0.016,31,101,0.99186,2.99,0.39,11,6
"303",6.1,0.41,0,1.6,0.063,36,87,0.9914,3.27,0.67,10.8,6
"519",5.9,0.13,0.28,1.9,0.05,20,78,0.9918,3.43,0.64,10.8,6
"3090",6.2,0.36,0.38,3.2,0.031,20,89,0.98956,3.06,0.33,12,7
"2357",7.1,0.34,0.32,2,0.051,29,130,0.99354,3.3,0.5,10.4,6
"4096",6.6,0.41,0.27,10.7,0.11,20,103,0.99672,3.08,0.41,9,6
"1228",6.9,0.18,0.38,6.5,0.039,20,110,0.9943,3.1,0.42,10.5,5
"2794",6.5,0.37,0.3,2.2,0.033,39,107,0.98894,3.22,0.53,13.5,7
"4726",6.9,0.31,0.33,12.7,0.038,33,116,0.9954,3.04,0.65,10.4,6
"2228",7.7,0.27,0.61,12,0.046,64,179,0.9982,3.07,0.46,8.9,5
"4219",8,0.33,0.32,4.6,0.041,31,180,0.99184,2.92,0.74,12.2,6
"947",8.2,0.345,1,18.2,0.047,55,205,0.99965,2.96,0.43,9.6,5
"2998",6.9,0.25,0.33,1.2,0.035,35,158,0.99082,3.02,0.58,11.3,6
"2992",6.3,0.37,0.28,6.3,0.034,45,152,0.9921,3.29,0.46,11.6,7
"3189",7,0.17,0.36,6.4,0.055,42,123,0.99318,3.11,0.5,11,8
"1293",6.2,0.17,0.3,1.1,0.037,14,79,0.993,3.5,0.54,10.3,6
"3216",7.1,0.14,0.33,1,0.104,20,54,0.99057,3.19,0.64,11.5,6
"4790",5.5,0.62,0.33,1.7,0.037,24,118,0.98758,3.15,0.39,13.55,6
"2725",7.5,0.18,0.31,6.5,0.029,53,160,0.99276,3.03,0.38,10.9,6
"3149",6.2,0.23,0.36,17.2,0.039,37,130,0.99946,3.23,0.43,8.8,6
"1729",6.8,0.3,0.24,6.6,0.123,35,116,0.9953,3.07,0.48,9.4,5
"451",7.2,0.6,0.2,9.9,0.07,21,174,0.9971,3.03,0.54,9.1,5
"1165",8.2,0.23,0.49,0.9,0.057,15,73,0.9928,3.07,0.38,10.4,6
"397",8.2,0.28,0.42,1.8,0.031,30,93,0.9917,3.09,0.39,11.4,5
"2876",6.7,0.15,0.38,1.7,0.037,20,84,0.99046,3.09,0.53,11.4,6
"686",6.2,0.36,0.26,13.2,0.051,54,201,0.9976,3.25,0.46,9,5
"4870",6.6,0.24,0.33,10.1,0.032,8,81,0.99626,3.19,0.51,9.8,6
"2927",5.2,0.155,0.33,1.6,0.028,13,59,0.98975,3.3,0.84,11.9,8
"1560",8.8,0.35,0.49,1,0.036,14,56,0.992,2.96,0.33,10.5,4
"2390",6.8,0.46,0.26,2.7,0.042,28,83,0.99114,3.38,0.51,12,8
"4014",6.5,0.46,0.24,11.5,0.051,56,171,0.99588,3.08,0.56,9.8,6
"1276",6.2,0.22,0.27,1.5,0.064,20,132,0.9938,3.22,0.46,9.2,6
"3790",6.6,0.26,0.52,8.2,0.047,52,191,0.99541,3.16,0.47,9.5,6
"2822",6.6,0.4,0.46,6.2,0.056,42,241,0.9968,3.5,0.6,9.9,5
"3026",5.4,0.22,0.29,1.2,0.045,69,152,0.99178,3.76,0.63,11,7
"4650",5.7,0.695,0.06,6.8,0.042,9,84,0.99432,3.44,0.44,10.2,5
"714",6.4,0.31,0.39,7.5,0.04,57,213,0.99475,3.32,0.43,10,5
"1128",6.4,0.125,0.29,5.85,0.042,24,99,0.992,3.23,0.32,12,7
"1242",7.4,0.18,0.42,2.1,0.036,33,187,0.9938,3.4,0.41,10.6,7
"723",6.9,0.31,0.34,1.6,0.032,23,128,0.9917,3.37,0.47,11.7,6
"1197",6.9,0.25,0.26,5.2,0.024,36,135,0.9948,3.16,0.72,10.7,7
"1412",7,0.2,0.34,5.7,0.035,32,83,0.9928,3.19,0.46,11.5,6
"1633",7.1,0.28,0.49,6.5,0.041,28,111,0.9926,3.41,0.58,12.2,8
"712",8.2,0.27,0.43,1.6,0.035,31,128,0.9916,3.1,0.5,12.3,6
"1568",7.5,0.19,0.49,1.8,0.055,19,110,0.9946,3.33,0.44,9.9,5
"3457",6,0.39,0.13,1.2,0.042,60,172,0.99114,3.06,0.52,10.6,5
"4589",6.4,0.3,0.33,5.2,0.05,30,137,0.99304,3.26,0.58,11.1,5
"696",6.3,0.34,0.28,14.7,0.047,49,198,0.9977,3.23,0.46,9.5,5
"2646",6.7,0.12,0.3,5.2,0.048,38,113,0.99352,3.33,0.44,10.1,7
"3567",7.6,0.38,0.28,4.2,0.029,7,112,0.9906,3,0.41,12.6,6
"3254",5.3,0.3,0.16,4.2,0.029,37,100,0.9905,3.3,0.36,11.8,8
"780",8.1,0.17,0.44,14.1,0.053,43,145,1.0006,3.28,0.75,8.8,8
"495",6.8,0.2,0.38,4.7,0.04,27,103,0.994,3.37,0.58,10.7,6
"2317",7.4,0.2,0.31,1.6,0.038,34,116,0.9912,3.25,0.39,12,7
"1598",6.4,0.27,0.49,7.3,0.046,53,206,0.9956,3.24,0.43,9.2,6
"1775",6.9,0.19,0.28,3,0.054,33,99,0.9924,3.16,0.4,10.8,6
"1230",8.3,0.33,0.42,1.15,0.033,18,96,0.9911,3.2,0.32,12.4,3
"1001",8,0.19,0.36,1.8,0.05,16,84,0.9936,3.15,0.45,9.8,7
"2325",6.9,0.3,0.21,7.2,0.045,54,190,0.99595,3.22,0.48,9.4,5
"3315",6.6,0.435,0.38,9.2,0.058,66,243,0.99833,3.23,0.54,9.1,6
"3768",6.9,0.4,0.17,12.9,0.033,59,186,0.99754,3.08,0.49,9.4,5
"1874",5.8,0.33,0.2,16.05,0.047,26,166,0.9976,3.09,0.46,8.9,5
"1168",7.4,0.23,0.43,1.4,0.044,22,113,0.9938,3.22,0.62,10.6,6
"1916",7.2,0.36,0.36,5.7,0.038,26,98,0.9914,2.93,0.59,12.5,7
"4282",5.7,0.26,0.24,17.8,0.059,23,124,0.99773,3.3,0.5,10.1,5
"189",6.8,0.53,0.35,3.8,0.034,26,109,0.9906,3.26,0.57,12.7,8
"4761",6.6,0.17,0.26,7.4,0.052,45,128,0.99388,3.16,0.37,10,6
"3993",6.7,0.19,0.32,3.7,0.041,26,76,0.99173,2.9,0.57,10.5,7
"2830",7.1,0.26,0.32,16.2,0.044,31,170,0.99644,3.17,0.37,11.2,5
"58",6,0.19,0.26,12.4,0.048,50,147,0.9972,3.3,0.36,8.9,6
"3729",6.2,0.2,0.33,5.4,0.028,21,75,0.99012,3.36,0.41,13.5,7
"1666",6.5,0.13,0.37,1,0.036,48,114,0.9911,3.41,0.51,11.5,8
"2672",5.9,0.3,0.3,2,0.03,38,142,0.98892,3.41,0.41,12.9,7
"1390",8.1,0.19,0.4,0.9,0.037,73,180,0.9926,3.06,0.34,10,6
"3273",7.5,0.22,0.32,2.4,0.045,29,100,0.99135,3.08,0.6,11.3,7
"2370",6.1,0.16,0.29,6,0.03,29,144,0.99474,3.68,0.46,10.7,6
"1792",6.4,0.33,0.24,1.6,0.054,25,117,0.9943,3.36,0.5,9.3,5
"4342",7.4,0.27,0.52,15.7,0.054,36,139,0.99788,3.04,0.62,10.0333333333333,6
"567",7.2,0.35,0.34,12.4,0.051,6,37,0.9944,3.13,0.39,11.5,6
"2849",6.6,0.31,0.07,1.5,0.033,55,144,0.99208,3.16,0.42,10,5
"2541",9,0.29,0.34,12.1,0.03,34,177,0.99706,3.13,0.47,10.6,5
"389",6.7,0.21,0.32,5.4,0.047,29,140,0.995,3.39,0.46,9.7,6
"1267",7.5,0.28,0.34,4.2,0.028,36,116,0.991,2.99,0.41,12.3,8
"1045",7.2,0.21,0.37,1.6,0.049,23,94,0.9924,3.16,0.48,10.9,7
"2206",7.7,0.39,0.34,10,0.056,35,178,0.9974,3.26,0.6,10.2,5
"2017",6.3,0.41,0.33,4.7,0.023,28,110,0.991,3.3,0.38,12.5,7
"3604",7,0.32,0.27,7.1,0.027,37,122,0.99165,3.15,0.6,12.6,7
"3171",7.6,0.17,0.46,0.9,0.036,63,147,0.99126,3.02,0.41,10.7,6
"3204",6.4,0.22,0.38,9.1,0.044,35,127,0.99326,2.97,0.3,11,7
"2787",8,0.3,0.36,11,0.034,8,70,0.99354,3.05,0.41,12.2,6
"2341",7.7,0.29,0.29,4.8,0.06,27,156,0.99572,3.49,0.59,10.3,6
"1015",6.1,0.16,0.27,12.6,0.064,63,162,0.9994,3.66,0.43,8.9,5
"2422",6.8,0.26,0.43,11.75,0.045,53,198,0.9969,3.26,0.55,9.5,5
"1330",8.4,0.19,0.43,2.1,0.052,20,104,0.994,2.85,0.46,9.5,5
"4603",6.4,0.17,0.34,13.4,0.044,45,139,0.99752,3.06,0.43,9.1,6
"965",5.9,0.26,0.21,12.5,0.034,36,152,0.9972,3.28,0.43,9.5,6
"3044",7.2,0.21,1,1.1,0.154,46,114,0.9931,2.95,0.43,9.2,6
"1584",6.4,0.18,0.74,11.9,0.046,54,168,0.9978,3.58,0.68,10.1,5
"3109",7.6,0.35,0.46,14.7,0.047,33,151,0.99709,3.03,0.53,10.3,5
"3889",6,0.28,0.24,17.8,0.047,42,111,0.99896,3.1,0.45,8.9,6
"1626",6.4,0.26,0.49,6.4,0.037,37,161,0.9954,3.38,0.53,9.7,6
"733",8.8,0.28,0.45,6,0.022,14,49,0.9934,3.01,0.33,11.1,7
"4230",6.3,0.26,0.25,5.2,0.046,11,133,0.99202,2.97,0.68,11,6
"319",5.9,0.3,0.47,7.85,0.03,19,133,0.9933,3.52,0.43,11.5,7
"1172",8.2,0.61,0.45,5.4,0.03,15,118,0.9954,3.14,0.34,9.6,5
"3866",6,0.31,0.38,4.8,0.04,41,101,0.98968,3.24,0.56,13.1,6
"821",6.6,0.36,0.29,1.6,0.021,24,85,0.98965,3.41,0.61,12.4,9
"3405",5.8,0.18,0.28,1.3,0.034,9,94,0.99092,3.21,0.52,11.2,6
"3323",5.7,0.26,0.3,1.8,0.039,30,105,0.98995,3.48,0.52,12.5,7
"3915",6.2,0.39,0.24,4.8,0.037,45,138,0.99174,3.23,0.43,11.2,7
"3087",5.8,0.31,0.32,4.5,0.024,28,94,0.98906,3.25,0.52,13.7,7
"702",5.9,0.34,0.22,2.4,0.03,19,135,0.9894,3.41,0.78,13.9,7
"916",5.6,0.29,0.05,0.8,0.038,11,30,0.9924,3.36,0.35,9.2,5
"3772",6.1,0.27,0.28,9.8,0.042,61,125,0.99532,3.14,0.42,10.2,6
"852",8.2,0.38,0.49,13.6,0.042,58,166,0.99855,3.1,0.54,9.4,5
"2858",6.6,0.29,0.31,3.9,0.027,39,96,0.99035,3.24,0.6,12.6,8
"3736",6.1,0.22,0.46,1.8,0.16,34,74,0.9884,3.19,0.33,13.4,6
"1716",6.5,0.18,0.34,1.6,0.04,43,148,0.9912,3.32,0.59,11.5,8
"3244",6.6,0.34,0.24,3.3,0.034,29,99,0.99031,3.1,0.4,12.3,7
"1771",7.8,0.39,0.26,9.9,0.059,33,181,0.9955,3.04,0.42,10.9,6
"2800",6.7,0.16,0.37,1.3,0.036,45,125,0.98964,3.19,0.51,12.4,7
"3701",7,0.3,0.27,1.5,0.076,24,145,0.99344,3.1,0.52,10.1,5
"1519",8.4,0.23,0.49,7.8,0.035,22,95,0.9935,3.04,0.34,12,6
"1552",6.6,0.19,0.99,1.2,0.122,45,129,0.9936,3.09,0.31,8.7,6
"3950",6.9,0.4,0.37,8.9,0.053,36,148,0.996,3.16,0.5,9.3,5
"2508",7.1,0.34,0.31,5.2,0.032,36,140,0.99166,3.35,0.47,12.3,7
"3876",7.4,0.22,0.27,1.6,0.057,45,98,0.99299,3.29,0.44,9.9,7
"3416",6.1,0.3,0.3,2.1,0.031,50,163,0.9895,3.39,0.43,12.7,7
"419",7.4,0.21,0.27,1.2,0.041,27,99,0.9927,3.19,0.33,9.8,6
"1884",7.7,0.3,0.42,14.3,0.045,45,213,0.9991,3.18,0.63,9.2,5
"1178",6.8,0.25,0.29,2,0.042,19,189,0.9952,3.46,0.54,10.2,6
"2046",8.7,0.24,0.35,0.6,0.042,11,71,0.9926,3.08,0.38,10.6,5
"590",7,0.23,0.33,5.8,0.04,25,136,0.995,3.19,0.58,9.5,6
"4433",6.7,0.24,0.26,5.4,0.03,15,94,0.99045,3.15,0.38,12.7,6
"4444",7.2,0.47,0.16,5.9,0.048,14,125,0.99428,3.09,0.49,9.8,5
"849",8.7,0.23,0.32,13.4,0.044,35,169,0.99975,3.12,0.47,8.8,7
"3600",6.6,0.39,0.38,9.7,0.053,49,226,0.99787,3.3,0.57,9.4,6
"4840",5.2,0.405,0.15,1.45,0.038,10,44,0.99125,3.52,0.4,11.6,4
"2012",7.2,0.15,0.39,1.8,0.043,21,159,0.9948,3.52,0.47,10,5
"485",6.2,0.37,0.3,6.6,0.346,79,200,0.9954,3.29,0.58,9.6,5
"3261",7.4,0.19,0.31,14.5,0.045,39,193,0.9986,3.1,0.5,9.2,6
"1657",5.8,0.15,0.49,1.1,0.048,21,98,0.9929,3.19,0.48,9.2,5
"2400",6.1,0.16,0.24,1.4,0.046,17,77,0.99319,3.66,0.57,10.3,6
"4467",6.2,0.32,0.24,4.1,0.051,34,149,0.99306,3.36,0.52,11,5
"3628",6.4,0.37,0.2,5.6,0.117,61,183,0.99459,3.24,0.43,9.5,5
"1011",7.6,0.16,0.44,1.4,0.043,25,109,0.9932,3.11,0.75,10.3,6
"1527",14.2,0.27,0.49,1.1,0.037,33,156,0.992,3.15,0.54,11.1,6
"1677",7,0.35,0.3,6.5,0.028,27,87,0.9936,3.4,0.42,11.4,7
"2473",8.8,0.24,0.23,10.3,0.032,12,97,0.99571,3.13,0.4,10.7,6
"2043",5.6,0.13,0.27,4.8,0.028,22,104,0.9948,3.34,0.45,9.2,6
"3922",7.3,0.36,0.34,14.8,0.057,46,173,0.99751,3.14,0.57,10.2,5
"4149",6.2,0.2,0.25,15,0.055,8,120,0.99767,3.19,0.53,9.6,6
"4333",7.3,0.19,0.27,13.9,0.057,45,155,0.99807,2.94,0.41,8.8,8
"834",6.9,0.25,0.34,1.3,0.035,27,82,0.99045,3.18,0.44,12.2,6
"3257",7.4,0.19,0.31,14.5,0.045,39,193,0.9986,3.1,0.5,9.2,6
"3508",7.1,0.36,0.28,2.4,0.036,35,115,0.98936,3.19,0.44,13.5,7
"656",7.7,0.27,0.35,5.3,0.03,30,117,0.992,3.11,0.42,12.2,6
"1073",8.2,0.29,0.33,9.1,0.036,28,118,0.9953,2.96,0.4,10.9,7
"4368",7.1,0.31,0.25,11.2,0.048,32,136,0.99663,3.14,0.4,9.5,5
"2580",6.4,0.28,0.56,1.7,0.156,49,106,0.99354,3.1,0.37,9.2,6
"1534",7.3,0.26,0.49,5,0.028,32,107,0.9936,3.24,0.54,10.8,6
"166",7,0.23,0.36,13,0.051,72,177,0.9972,3.16,0.49,9.8,5
"4274",5.7,0.22,0.2,16,0.044,41,113,0.99862,3.22,0.46,8.9,6
"4619",6.1,0.44,0.28,4.25,0.032,43,132,0.9916,3.26,0.47,11.3,7
"4319",6.3,0.41,0.22,7.3,0.035,23,117,0.99172,3.2,0.39,11.94,7
"132",6.5,0.24,0.32,7.6,0.038,48,203,0.9958,3.45,0.54,9.7,7
"1865",7.1,0.25,0.3,2.4,0.042,25,122,0.994,3.43,0.61,10.5,6
"2834",7.2,0.44,0.28,3.4,0.048,22,112,0.99188,3.21,0.37,11.3,7
"232",8.3,0.28,0.4,7.8,0.041,38,194,0.9976,3.34,0.51,9.6,6
"1795",6.6,0.37,0.24,2,0.064,23,120,0.9946,3.32,0.54,9.4,5
"3903",6.1,0.22,0.38,2.8,0.144,12,65,0.9908,2.95,0.64,11.4,6
"3401",7.7,0.46,0.18,3.3,0.054,18,143,0.99392,3.12,0.51,10.8,6
"1984",7.6,0.2,0.3,14.2,0.056,53,212.5,0.999,3.14,0.46,8.9,8
"2574",6.3,0.34,0.36,4.9,0.035,31,185,0.9946,3.15,0.49,9.7,5
"3930",6.6,0.32,0.47,15.6,0.063,27,173,0.99872,3.18,0.56,9,5
"3864",6.5,0.27,0.19,6.6,0.045,98,175,0.99364,3.16,0.34,10.1,6
"3986",6.8,0.11,0.27,8.6,0.044,45,104,0.99454,3.2,0.37,9.9,6
"3306",6.3,0.19,0.29,2,0.022,33,96,0.98902,3.04,0.54,12.8,7
"882",8.8,0.36,0.44,1.9,0.04,9,121,0.9953,3.19,0.48,9.9,6
"3672",6.8,0.3,0.29,6.2,0.025,29,95,0.99071,3.03,0.32,12.9,7
"3509",6.7,0.29,0.45,14.3,0.054,30,181,0.99869,3.14,0.57,9.1,5
"2398",6.5,0.19,0.27,4.9,0.037,13,101,0.9916,3.17,0.41,11.8,6
"1395",5.6,0.49,0.13,4.5,0.039,17,116,0.9907,3.42,0.9,13.7,7
"1440",6.1,0.25,0.49,7.6,0.052,67,226,0.9956,3.16,0.47,8.9,5
"2521",7.5,0.41,0.23,14.8,0.054,28,174,0.99898,3.18,0.49,9.7,5
"3162",6.1,0.17,0.42,15.1,0.033,28,124,0.99684,2.87,0.47,9.5,5
"378",7.3,0.2,0.44,1.4,0.045,21,98,0.9924,3.15,0.46,10,7
"2531",5.8,0.3,0.12,1.6,0.036,57,163,0.99239,3.38,0.59,10.5,6
"1166",6,0.24,0.32,6.3,0.03,34,129,0.9946,3.52,0.41,10.4,5
"4171",7.4,0.16,0.3,13.7,0.056,33,168,0.99825,2.9,0.44,8.7,7
"2564",5.7,0.255,0.65,1.2,0.079,17,137,0.99307,3.2,0.42,9.4,5
"1469",6.5,0.24,0.24,1.6,0.046,15,60,0.9928,3.19,0.39,9.8,5
"359",10,0.2,0.39,1.4,0.05,19,152,0.994,3,0.42,10.4,6
"1867",7.6,0.27,0.25,13.9,0.05,45,199,0.9984,3.34,0.5,9.8,6
"3732",7,0.34,0.26,10.3,0.041,51,166,0.99382,3.08,0.35,11.6,6
"2487",6.7,0.24,0.32,10.3,0.079,37,122,0.99662,3.02,0.45,8.8,5
"1217",8.2,0.37,0.36,1,0.034,17,93,0.9906,3.04,0.32,11.7,8
"915",8,0.32,0.26,1.2,0.05,11.5,88,0.9946,3.24,0.37,9.5,4
"239",7,0.26,0.59,1.4,0.037,40,120,0.9918,3.34,0.41,11.1,7
"1625",9,0.17,0.49,1,0.039,46,131,0.993,3.09,0.51,10.5,7
"1960",8.5,0.17,0.31,1,0.024,13,91,0.993,2.79,0.37,10.1,5
"1648",7.8,0.21,0.49,1.2,0.036,20,99,0.99,3.05,0.28,12.1,7
"2867",5.6,0.18,0.58,1.25,0.034,29,129,0.98984,3.51,0.6,12,7
"4772",6.8,0.27,0.3,13,0.047,69,160,0.99705,3.16,0.5,9.6,6
"1542",7.1,0.53,0.24,0.8,0.029,29,86,0.993,3.16,0.32,9.1,4
"3718",6.3,0.18,0.24,3.4,0.053,20,119,0.99373,3.11,0.52,9.2,6
"1025",6.8,0.34,0.74,2.8,0.088,23,185,0.9928,3.51,0.7,12,6
"1860",8,0.22,0.28,14,0.053,83,197,0.9981,3.14,0.45,9.8,6
"1785",6.7,0.24,0.29,6.8,0.038,54,127,0.9932,3.33,0.46,11.6,7
"4102",6.9,0.37,0.23,9.5,0.057,54,166,0.99568,3.23,0.42,10,5
"164",7.4,0.24,0.42,14,0.066,48,198,0.9979,2.89,0.42,8.9,6
"4394",6.4,0.18,0.28,17.05,0.047,53,139,0.99724,3.25,0.35,10.5,6
"93",6.9,0.24,0.33,1.7,0.035,47,136,0.99,3.26,0.4,12.6,7
"3685",6.8,0.31,0.3,8,0.028,33,122,0.99164,3.13,0.63,12.6,7
"4892",5.7,0.21,0.32,0.9,0.038,38,121,0.99074,3.24,0.46,10.6,6
"3673",7.3,0.41,0.29,1.8,0.032,26,74,0.98889,2.96,0.35,13,8
"2510",8,0.27,0.57,10.4,0.053,18,134,0.99732,3.12,0.68,9,5
"4727",6.3,0.48,0.48,1.8,0.035,35,96,0.99121,3.49,0.74,12.2,6
"3287",6.8,0.23,0.31,2.8,0.047,40,122,0.99126,3.06,0.64,10.9,7
"2120",8,0.16,0.36,1.5,0.033,14,122,0.9941,3.2,0.39,10.3,4
"2187",6.5,0.39,0.81,1.2,0.217,14,74,0.9936,3.08,0.53,9.5,5
"3641",6.8,0.19,0.33,4.9,0.047,42,130,0.99283,3.12,0.56,11,6
"169",7.5,0.29,0.31,8.95,0.055,20,151,0.9968,3.08,0.54,9.3,5
"744",5.9,0.26,0.25,12.5,0.034,38,152,0.9977,3.33,0.43,9.4,5
"1213",7.6,0.32,0.36,1.6,0.04,32,155,0.993,3.23,0.52,11.3,6
"3805",8.1,0.2,0.3,1.3,0.036,7,49,0.99242,2.99,0.73,10.3,5
"2957",8.1,0.12,0.38,0.9,0.034,36,86,0.99026,2.8,0.55,12,6
"4725",6.1,0.32,0.33,10.7,0.036,27,98,0.99521,3.34,0.52,10.2,6
"4315",6.3,0.41,0.22,7.3,0.035,23,117,0.99172,3.2,0.39,11.94,7
"2010",8,0.4,0.33,7.7,0.034,27,98,0.9935,3.18,0.41,12.2,7
"111",6.5,0.17,0.54,8.5,0.082,64,163,0.9959,2.89,0.39,8.8,6
"411",7.2,0.25,0.39,18.95,0.038,42,155,0.9999,2.97,0.47,9,6
"661",7.1,0.28,0.26,1.9,0.049,12,86,0.9934,3.15,0.38,9.4,5
"945",6.5,0.18,0.33,8,0.051,16,131,0.9965,3.28,0.44,8.7,7
"1676",6.2,0.27,0.32,8.8,0.047,65,224,0.9961,3.17,0.47,8.9,5
"2530",6.6,0.42,0.13,12.8,0.044,26,158,0.99772,3.24,0.47,9,5
"3740",7,0.15,0.28,14.7,0.051,29,149,0.99792,2.96,0.39,9,7
"131",5.7,0.26,0.25,10.4,0.02,7,57,0.994,3.39,0.37,10.6,5
"1851",7.1,0.25,0.25,1.6,0.046,50,181,0.9925,3.2,0.42,11,7
"2419",6.3,0.41,0.16,0.9,0.032,25,98,0.99274,3.16,0.42,9.5,5
"2976",8,0.14,0.33,1.2,0.045,71,162,0.9914,3.07,0.47,11,6
"1794",7.4,0.35,0.31,17.95,0.062,42,187,1.0002,3.27,0.64,9.1,5
"2720",7.5,0.18,0.31,6.5,0.029,53,160,0.99276,3.03,0.38,10.9,6
"4526",5.8,0.13,0.22,12.7,0.058,24,183,0.9956,3.32,0.42,11.7,6
"3464",6.2,0.3,0.31,1.6,0.035,40,106,0.98914,3.26,0.39,12.9,7
"4117",6.2,0.35,0.2,18.1,0.069,33,158,0.99908,3.15,0.5,8.8,6
"720",7.4,0.29,0.5,1.8,0.042,35,127,0.9937,3.45,0.5,10.2,7
"2279",6.7,0.31,0.18,7.7,0.043,57,200,0.99566,3.17,0.44,9.4,6
"1706",6.6,0.25,0.31,1.5,0.035,32,127,0.9921,3.41,0.47,11.3,6
"4711",5.4,0.33,0.31,4,0.03,27,108,0.99031,3.3,0.43,12.2,7
"4615",7.1,0.33,0.18,6.3,0.094,27,166,0.99474,2.9,0.49,9.5,5
"3073",7.5,0.25,0.47,4.1,0.041,95,163,0.99184,2.92,0.59,11.3,6
"1654",7.9,0.33,0.28,31.6,0.053,35,176,1.0103,3.15,0.38,8.8,6
"3219",6.5,0.29,0.25,2.5,0.142,8,111,0.9927,3,0.44,9.9,4
"4348",7.1,0.23,0.3,2.6,0.034,62,148,0.99121,3.03,0.56,11.3,7
"3720",6.6,0.3,0.45,8,0.038,54,200,0.9956,3.18,0.48,9.5,5
"3904",5.8,0.27,0.26,3.5,0.071,26,69,0.98994,3.1,0.38,11.5,6
"4110",5,0.255,0.22,2.7,0.043,46,153,0.99238,3.75,0.76,11.3,6
"3017",7,0.13,0.37,12.85,0.042,36,105,0.99581,3.05,0.55,10.7,6
"3040",6.3,0.27,0.29,12.2,0.044,59,196,0.99782,3.14,0.4,8.8,6
"1736",8,0.32,0.36,4.6,0.042,56,178,0.9928,3.29,0.47,12,6
"3356",5.3,0.32,0.23,9.65,0.026,26,119,0.99168,3.18,0.53,12.2,6
"36",7.3,0.28,0.43,1.7,0.08,21,123,0.9905,3.19,0.42,12.8,5
"2761",7.7,0.16,0.36,5.9,0.054,25,148,0.99578,3.25,0.54,10.2,6
"2807",7.5,0.17,0.71,11.8,0.038,52,148,0.99801,3.03,0.46,8.9,5
"4732",5.3,0.31,0.38,10.5,0.031,53,140,0.99321,3.34,0.46,11.7,6
"4744",6,0.14,0.37,1.2,0.032,63,148,0.99185,3.32,0.44,11.2,5
"4606",6.5,0.29,0.32,3,0.036,38,93,0.9906,3.16,0.59,12,6
"3652",6.3,0.32,0.17,17.75,0.06,51,190,0.99916,3.13,0.48,8.8,6
"2835",6.2,0.15,0.27,1.4,0.041,51,117,0.9909,3.28,0.38,11.2,6
"986",6,0.41,0.21,1.9,0.05,29,122,0.9928,3.42,0.52,10.5,6
"22",6.4,0.31,0.38,2.9,0.038,19,102,0.9912,3.17,0.35,11,7
"1445",7.8,0.43,0.49,13,0.033,37,158,0.9955,3.14,0.35,11.3,6
"24",7.6,0.67,0.14,1.5,0.074,25,168,0.9937,3.05,0.51,9.3,5
"746",7.4,0.2,1.66,2.1,0.022,34,113,0.99165,3.26,0.55,12.2,6
"3777",6.9,0.33,0.31,7.7,0.04,29,135,0.99226,3.11,0.57,12.3,5
"2114",5.7,0.33,0.15,1.9,0.05,20,93,0.9934,3.38,0.62,9.9,5
"1108",7.2,0.37,0.15,2,0.029,27,87,0.9903,3.3,0.59,12.6,7
"1948",5.7,0.45,0.42,1.1,0.051,61,197,0.9932,3.02,0.4,9,5
"525",5.6,0.35,0.37,1,0.038,6,72,0.9902,3.37,0.34,11.4,5
"3408",6.1,0.33,0.32,7.8,0.052,52,183,0.99657,3.39,0.65,9.5,5
"1639",7.6,0.47,0.49,13,0.239,42,220,0.9988,2.96,0.51,9.2,5
"4270",7.1,0.46,0.23,13.7,0.045,44,192,0.9981,3.11,0.53,9.4,5
"325",8.3,0.41,0.51,2,0.046,11,207,0.993,3.02,0.55,11.4,5
"4103",6.9,0.37,0.23,9.5,0.057,54,166,0.99568,3.23,0.42,10,5
"1211",9.2,0.28,0.41,1,0.042,14,59,0.9922,2.96,0.25,10.5,6
"964",6.1,0.19,0.25,4,0.023,23,112,0.9923,3.37,0.51,11.6,6
"3696",6.4,0.15,0.4,1.3,0.053,61,146,0.99112,3.17,0.68,11,6
"730",6,0.33,0.27,0.8,0.185,12,188,0.9924,3.12,0.62,9.4,5
"73",6,0.27,0.28,4.8,0.063,31,201,0.9964,3.69,0.71,10,5
"1352",6.5,0.37,0.33,3.9,0.027,40,130,0.9906,3.28,0.39,12.7,7
"159",5.2,0.44,0.04,1.4,0.036,43,119,0.9894,3.36,0.33,12.1,8
"2900",6.2,0.21,0.26,13.1,0.05,59,150,0.99772,3.31,0.46,9,5
"599",5.9,0.27,0.29,11.4,0.036,31,115,0.9949,3.35,0.48,10.5,8
"2503",8.6,0.34,0.36,1.4,0.045,11,119,0.99556,3.17,0.47,9.4,4
"3959",5.6,0.185,0.19,7.1,0.048,36,110,0.99438,3.26,0.41,9.5,6
"3036",6,0.24,0.33,2.5,0.026,31,85,0.99014,3.13,0.5,11.3,7
"4019",6.4,0.18,0.48,18,0.054,56,183,1.00038,2.98,0.61,8.5,6
"3899",8.5,0.23,0.34,1.3,0.035,54,110,0.99176,3.07,0.55,11,7
"1196",7.9,0.22,0.45,14.2,0.038,53,141,0.9992,3.03,0.46,9.2,6
"3884",6.8,0.33,0.31,7.4,0.045,34,143,0.99226,3.06,0.55,12.2,6
"1062",7,0.21,0.28,7.5,0.07,45,185,0.9966,3.34,0.55,9.4,5
